,0,1,2,3,4,5,6,7,8,9,10,11,12,13
2,美,国,邮,局,,,,,,,,,,
3,洛,杉,矶,市,中,心,分,局,,,,,,
7,大,都,会,区,间,公,车,,,,,,,
11,全,美,最,大,零,废,气,车,队,,,,,
15,倒,数,五,秒,,,,,,,,,,
16,等,这,个,人,过,去,,,,,,,,
20,现,在,安,全,了,,,,,,,,,
21,不,行,,,,,,,,,,,,
25,行,动,,,,,,,,,,,,
26,不,行,,,,,,,,,,,,
30,现,在,,,,,,,,,,,,
34,可,能,是,现,金,,,,,,,,,
38,不,是,是,汇,票,,,,,,,,,
42,二,十,元,,,,,,,,,,,
46,这,个,我,记,得,,,,,,,,,
50,我,有,一,张,能,派,上,用,场,的,收,据,,
54,达,吉,特,的,玩,具,店,,,,,,,
55,十,三,元,退,款,容,易,,,,,,,
59,这,领,带,不,便,宜,,,,,,,,
63,你,不,是,出,身,名,门,所,以,看,不,出,来,
67,那,是,空,的,,,,,,,,,,
71,奥,西,亚,与,维,克,多,杨,恩,,,,,
75,拉,德,拉,高,地,费,格,伦,路,号,,,,
79,搭,二,号,公,车,能,到,,,,,,,
83,中,途,不,必,转,车,,,,,,,,
87,我,们,还,有,时,间,,,,,,,,
91,穿,上,教,会,女,校,的,制,服,,,,,
95,因,为,你,要,触,动,别,人,的,内,心,,,
99,记,住,别,要,求,回,报,,,,,,,
103,让,他,们,自,动,送,上,门,,,,,,
107,手,表,带,了,吧,,,,,,,,,
111,有,,,,,,,,,,,,,
115,你,看,看,,,,,,,,,,,
119,就,掉,在,那,里,我,差,点,踩,到,,,,
123,原,来,一,直,掉,在,那,里,,,,,,
127,你,是,念,圣,心,吗,,,,,,,,
131,我,女,儿,珍,妮,也,念,过,圣,心,,,,
135,进,来,喝,杯,可,乐,吧,,,,,,,
139,我,就,知,道,天,使,会,保,佑,,,,,
143,我,才,不,信,这,套,,,,,,,,
147,这,是,什,么,,,,,,,,,,
151,礼,券,,,,,,,,,,,,
155,他,们,的,女,儿,是,按,摩,师,,,,,
159,不,要,求,回,报,是,理,想,情,况,,,,
163,行,不,通,就,该,要,求,回,报,,,,,
167,有,些,有,钱,人,很,小,气,,,,,,
171,他,们,一,直,在,说,女,儿,的,事,,,,
175,她,在,梅,莉,丝,上,班,,,,,,,
176,上,过,大,学,,,,,,,,,,
180,梅,莉,丝,,,,,,,,,,,
184,超,可,怕,的,父,母,,,,,,,,
188,那,是,洛,杉,矶,最,贵,的,餐,厅,,,,
192,她,只,是,在,那,里,工,作,,,,,,
196,在,那,里,工,作,的,也,要,是,有,钱,人,,
200,我,是,说,,,,,,,,,,,
201,等,等,,,,,,,,,,,,
205,费,格,伦,路,号,之,二,,,,,,,
209,就,在,刚,刚,那,附,近,,,,,,,
213,就,在,那,栋,房,子,正,后,方,,,,,
217,这,可,以,换,钱,,,,,,,,,
218,对,,,,,,,,,,,,,
222,你,看,金,钱,符,号,,,,,,,,
226,这,种,高,级,的,,,,,,,,,
230,你,懂,吗,,,,,,,,,,,
231,很,好,,,,,,,,,,,,
235,这,值,两,三,百,元,,,,,,,,
236,对,,,,,,,,,,,,,
240,好,,,,,,,,,,,,,
244,等,等,,,,,,,,,,,,
248,现,金,退,款,,,,,,,,,,
252,不,然,我,打,个,折,吧,,,,,,,
256,只,要,价,值,的,七,成,五,就,好,,,,
260,不,行,不,能,这,样,退,,,,,,,
264,抱,歉,你,怎,么,会,认,识,我,爸,妈,,,
268,那,换,东,西,呢,,,,,,,,,
272,换,那,颗,石,头,,,,,,,,,
276,不,行,,,,,,,,,,,,
277,好,吧,那,这,些,呢,,,,,,,,
281,不,行,了,解,,,,,,,,,,
285,这,个,架,子,,,,,,,,,,
289,没,得,再,让,步,了,,,,,,,,
293,因,为,它,的,价,值,不,高,,,,,,
297,我,要,承,担,损,失,,,,,,,,
301,没,按,摩,的,损,失,,,,,,,,
305,我,要,拿,走,礼,券,,,,,,,,
309,你,不,想,要,按,摩,对,吧,,,,,,
313,一,次,通,常,是,按,多,久,,,,,,
317,你,的,礼,券,是,六,十,分,钟,所,以,,,
321,我,不,要,那,么,,,,,,,,,
325,你,觉,得,二,十,分,钟,够,吗,,,,,
329,好,的,,,,,,,,,,,,
333,太,大,力,的,话,告,诉,我,,,,,,
337,太,大,力,了,,,,,,,,,,
341,这,样,呢,,,,,,,,,,,
342,太,大,力,,,,,,,,,,,
346,这,样,呢,,,,,,,,,,,
350,这,样,可,以,吗,,,,,,,,,
354,可,以,,,,,,,,,,,,
358,你,好,,,,,,,,,,,,
359,我,们,来,找,她,,,,,,,,,
363,她,一,直,没,出,来,所,以,,,,,,
364,不,能,退,款,吗,,,,,,,,,
368,礼,券,不,能,退,款,,,,,,,,
372,但,我,快,按,完,了,,,,,,,,
373,她,只,要,二,十,分,钟,,,,,,,
377,剩,下,的,四,十,分,钟,,,,,,,
378,可,以,换,那,颗,石,头,吗,,,,,,
382,我,们,今,天,用,六,个,假,名,,,,,
383,拿,到,维,他,富,生,的,赠,品,,,,,
387,还,有,汽,车,趋,势,杂,志,的,,,,,
388,道,奇,毒,蛇,抽,奖,,,,,,,,
392,能,获,得,免,费,的,遮,阳,板,,,,,
393,那,些,小,都,破,了,,,,,,,,
397,全,都,破,掉,了,,,,,,,,,
401,快,想,办,法,阻,止,,,,,,,,
405,泡,泡,公,司,,,,,,,,,,
409,运,动,水,壶,不,含,双,酚,,,,,,
410,附,赠,登,山,扣,环,,,,,,,,
414,这,个,以,前,应,该,没,拿,过,,,,,
418,以,星,期,三,来,说,还,不,赖,,,,,
422,你,们,,,,,,,,,,,,
426,你,们,三,位,,,,,,,,,,
430,我,有,份,工,作,,,,,,,,,
431,闭,嘴,继,续,走,,,,,,,,,
435,该,死,,,,,,,,,,,,
436,二,月,的,三,月,的,四,月,的,,,,,
440,我,们,可,能,要,分,期,付,款,,,,,
444,分,期,,,,,,,,,,,,
445,不,行,,,,,,,,,,,,
449,不,能,分,期,,,,,,,,,,
453,房,租,本,来,就,是,分,期,了,,,,,
457,每,个,月,付,一,次,,,,,,,,
461,明,早,就,能,凑,齐,房,租,,,,,,
465,二,月,三,月,四,月,,,,,,,,
466,总,共,一,千,五,百,元,,,,,,,
470,我,们,现,在,正,在,谈,工,作,,,,,
474,没,错,正,在,谈,了,,,,,,,,
478,一,个,月,只,要,五,百,元,,,,,,
482,但,会,漏,水,,,,,,,,,,
486,那,很,好,处,理,,,,,,,,,
490,固,定,时,间,才,会,漏,,,,,,,
494,你,们,会,清,理,墙,面,吧,,,,,,
498,没,错,,,,,,,,,,,,
499,很,好,湿,气,会,造,成,腐,蚀,,,,,
503,会,让,整,栋,建,筑,会,倒,塌,,,,,
507,会,损,失,很,大,,,,,,,,,
511,你,还,好,吗,,,,,,,,,,
515,这,是,我,的,毛,病,,,,,,,,
516,他,有,,,,,,,,,,,,
520,我,情,绪,很,直,接,,,,,,,,
524,没,什,么,大,不,了,的,不,要,理,我,,,
528,那,就,明,早,见,了,,,,,,,,
532,好,到,时,候,见,,,,,,,,,
536,另,一,边,,,,,,,,,,,
540,社,工,人,员,要,求,我,去,上,这,堂,课,,
544,但,我,要,忙,其,他,事,,,,,,,
545,如,果,她,能,代,我,出,席,,,,,,
549,这,里,有,报,名,表,拜,托,,,,,,
550,我,知,道,你,们,接,这,种,案,子,,,,
554,跟,他,们,谈,价,钱,,,,,,,,
558,我,可,以,付,二,十,元,,,,,,,
562,你,听,到,了,,,,,,,,,,
566,对,但,那,个,怎,么,办,,,,,,,
570,所,以,动,作,快,速,战,速,决,,,,,
574,谢,谢,,,,,,,,,,,,
578,我,喜,欢,你,的,,,,,,,,,
582,你,叫,什,么,名,字,,,,,,,,
586,凯,莉,你,叫,什,么,名,字,,,,,,
590,报,名,表,要,用,的,,,,,,,,
594,凯,莉,芬,恩,莉,有,草,字,头,,,,,
598,不,用,进,去,听,课,,,,,,,,
602,拿,到,黄,色,纸,条,就,可,以,走,了,,,
606,芬,恩,,,,,,,,,,,,
610,我,需,要,黄,色,纸,条,,,,,,,
614,可,以,找,朵,琳,达,拿,,,,,,,
618,她,在,那,边,,,,,,,,,,
622,正,向,育,儿,,,,,,,,,,
626,我,们,有,点,晚,开,始,,,,,,,
630,或,许,时,间,改,了,有,人,不,知,道,,,
631,请,找,位,置,坐,,,,,,,,,
635,这,是,你,的,纸,条,,,,,,,,
636,谢,谢,你,朵,琳,达,,,,,,,,
640,请,入,坐,,,,,,,,,,,
644,我,们,开,始,吧,,,,,,,,,
648,如,果,你,要,找,朵,琳,达,拿,社,工,回,条,
649,可,以,下,课,再,跟,她,拿,,,,,,
653,从,两,边,开,始,传,学,习,单,,,,,
657,一,人,一,张,往,下,传,,,,,,,
661,蓝,色,那,张,是,我,昨,天,提,过,的,,,
662,营,养,备,忘,录,,,,,,,,,
666,请,看,一,下,粉,红,色,表,单,,,,,
670,上,面,写,着,乳,房,爬,行,,,,,,
674,请,帮,我,播,影,片,谢,谢,,,,,,
678,这,个,方,法,,,,,,,,,,
679,能,促,进,母,亲,与,婴,儿,的,连,结,,,
683,把,刚,出,生,的,婴,儿,,,,,,,
684,放,到,妈,妈,的,肚,子,上,,,,,,
688,他,就,会,凭,自,己,的,力,量,,,,,
689,爬,到,乳,房,,,,,,,,,,
693,但,如,果,直,接,放,入,婴,儿,床,,,,
697,幼,儿,死,亡,率,会,攀,升,,,,,,
701,连,结,减,少,乳,量,也,会,减,少,,,,
705,我,们,昨,天,讲,过,,,,,,,,
706,这,些,都,很,重,要,记,得,吗,,,,,
710,婴,儿,靠,近,乳,头,时,会,张,开,嘴,,,
714,连,结,就,开,始,了,,,,,,,,
718,你,认,真,听,完,了,吗,,,,,,,
722,她,说,了,什,么,,,,,,,,,
726,说,了,乳,房,爬,行,,,,,,,,
727,我,也,会,做,那,个,,,,,,,,
731,很,酷,吧,,,,,,,,,,,
735,你,不,会,想,要,那,样,照,顾,婴,儿,,,
739,很,麻,烦,,,,,,,,,,,
743,谢,谢,您,耐,心,等,候,,,,,,,
744,专,人,马,上,为,您,服,务,,,,,,
748,你,在,做,什,么,,,,,,,,,
752,抱,歉,我,只,是,,,,,,,,,
756,我,们,赢,了,大,奖,但,无,法,使,用,,,
760,豪,华,度,假,之,旅,,,,,,,,
761,可,以,让,两,个,人,搭,头,等,舱,到,纽,约,
765,或,换,成,三,张,不,能,退,的,经,济,舱,机,票
769,他,不,可,能,搭,飞,机,,,,,,,
770,我,知,道,,,,,,,,,,,
774,所,以,或,许,我,们,,,,,,,,
778,那,是,什,么,,,,,,,,,,
782,上,课,的,时,候,拿,到,的,,,,,,
786,你,要,一,根,吗,,,,,,,,,
790,男,人,送,你,木,头,,,,,,,,
794,送,你,木,头,做,的,东,西,,,,,,
798,他,的,意,思,是,,,,,,,,,
802,你,让,我,硬,了,,,,,,,,,
806,我,去,过,纽,约,,,,,,,,,
810,我,们,两,个,可,以,一,起,去,,,,,
814,就,像,,,,,,,,,,,,
818,母,女,一,起,去,度,假,,,,,,,
822,你,好,史,托,维,克,原,来,你,在,这,里,,
826,外,套,很,好,看,,,,,,,,,
830,墙,面,清,了,吗,,,,,,,,,
831,清,了,,,,,,,,,,,,
835,特,蕾,莎,我,,,,,,,,,,
839,剩,下,的,马,上,会,补,齐,,,,,,
840,我,们,正,要,去,,,,,,,,,
844,这,是,什,么,,,,,,,,,,
845,汇,票,跟,钱,一,样,,,,,,,,
849,二,十,元,,,,,,,,,,,
853,我,们,先,去,收,信,然,后,,,,,,
857,这,个,嘛,应,该,值,五,十,元,,,,,
861,我,不,收,这,个,,,,,,,,,
865,我,受,不,了,了,,,,,,,,,
869,你,在,哭,吗,,,,,,,,,,
873,我,会,修,好,漏,水,,,,,,,,
877,然,后,赶,你,们,出,去,,,,,,,
881,这,里,可,以,租,一,万,元,,,,,,
882,你,们,知,道,吗,,,,,,,,,
886,我,们,有,孩,子,要,养,,,,,,,
890,那,面,墙,是,海,绵,,,,,,,,
894,海,绵,墙,壁,,,,,,,,,,
895,这,栋,建,筑,根,本,是,危,楼,,,,,
899,我,们,可,以,通,报,给,,,,,,,
900,卫,生,与,公,共,服,务,部,,,,,,
904,什,么,,,,,,,,,,,,
908,这,样,好,了,宽,限,我,们,到,星,期,五,,
912,星,期,五,一,定,给,你,,,,,,,
913,一,千,五,百,元,的,现,金,,,,,,
917,我,们,只,是,需,要,一,点,时,间,凑,齐,,
921,星,期,五,明,天,,,,,,,,,
925,是,明,天,,,,,,,,,,,
929,我,说,星,期,五,只,是,打,比,方,啦,,,
933,大,概,要,一,个,星,期,,,,,,,
937,下,周,五,,,,,,,,,,,
941,再,隔,一,周,,,,,,,,,,
945,下,下,周,五,,,,,,,,,,
949,对,,,,,,,,,,,,,
953,两,个,星,期,,,,,,,,,,
957,两,个,星,期,,,,,,,,,,
961,该,死,我,们,没,时,间,胡,闹,了,,,,
965,那,是,我,们,最,好,的,门,路,,,,,
969,那,是,新,的,摄,影,机,我,之,前,不,知,道,
973,这,样,真,的,很,糟,,,,,,,,
977,系,统,认,得,你,的,脸,就,完,了,,,,
981,会,罚,款,扣,押,退,休,金,跟,房,子,,,
985,你,想,要,这,些,东,西,吗,,,,,,
989,我,是,没,什,么,兴,趣,,,,,,,
993,我,也,是,,,,,,,,,,,
994,是,吗,真,有,趣,,,,,,,,,
998,因,为,多,数,人,都,想,当,亿,万,富,翁,,
1002,鼓,吹,拥,有,梦,想,,,,,,,,
1003,人,们,就,会,物,质,成,瘾,,,,,,
1007,对,糖,上,瘾,对,咖,啡,因,上,瘾,,,,
1011,让,你,整,天,又,哭,又,笑,,,,,,
1015,母,女,度,假,,,,,,,,,,
1019,那,是,要,怎,么,帮,我,们,筹,到,房,租,,
1023,老,天,快,点,动,脑,想,,,,,,,
1027,计,划,如,下,,,,,,,,,,
1031,星,期,三,我,们,一,起,飞,到,纽,约,,,
1035,回,程,时,要,假,装,不,认,识,彼,此,,,
1039,拿,行,李,的,时,候,尤,其,别,路,出,马,脚,
1043,不,可,以,看,我,,,,,,,,,
1047,我,在,四,处,张,望,,,,,,,,
1051,我,在,确,认,这,些,是,我,们,的,行,李,,
1055,抱,歉,先,生,,,,,,,,,,
1056,这,是,来,自,纽,约,班,机,的,行,李,吗,,
1060,你,们,两,个,认,识,,,,,,,,
1064,我,们,是,夫,妻,,,,,,,,,
1065,是,的,,,,,,,,,,,,
1069,了,解,了,,,,,,,,,,,
1073,原,来,是,我,太,蠢,啊,,,,,,,
1077,我,有,学,士,学,位,,,,,,,,
1078,她,连,大,学,是,什,么,都,不,知,道,,,
1082,然,后,你,不,小,心,拿,了,我,的,行,李,回,家
1086,我,会,待,在,机,场,通,报,遗,失,,,,
1090,幸,运,的,是,我,有,旅,游,保,险,,,,
1094,所,以,他,们,会,给,我,一,张,支,票,,,
1098,金,额,是,元,,,,,,,,,,
1102,我,们,可,以,在,隔,天,签,字,转,让,,,
1103,给,史,托,维,克,,,,,,,,,
1107,整,整,早,一,个,星,期,,,,,,,
1111,各,位,旅,客,我,们,碰,到,一,些,乱,流,,
1115,请,回,到,座,位,并,系,好,安,全,带,,,
1119,我,们,将,上,升,到,三,万,七,千,尺,,,
1120,让,旅,程,平,顺,一,些,,,,,,,
1124,正,常,呼,吸,,,,,,,,,,
1128,我,们,来,聊,天,好,吗,,,,,,,
1129,讲,讲,话,,,,,,,,,,,
1133,说,点,什,么,随,便,说,点,什,么,,,,
1137,不,要,祈,祷,,,,,,,,,,
1141,老,天,你,在,祈,祷,吗,讲,点,话,,,,
1145,你,好,吗,,,,,,,,,,,
1146,老,天,,,,,,,,,,,,
1150,你,好,吗,,,,,,,,,,,
1154,你,的,兴,趣,是,什,么,,,,,,,
1158,我,的,兴,趣,,,,,,,,,,
1159,对,,,,,,,,,,,,,
1163,我,不,知,道,你,要,我,说,什,么,,,,
1164,快,点,说,就,对,了,,,,,,,,
1168,有,人,认,为,新,生,儿,,,,,,,
1172,如,果,你,把,他,放,在,肚,子,上,,,,
1173,他,会,自,己,爬,向,母,亲,的,乳,房,,,
1177,但,如,果,直,接,放,进,婴,儿,床,,,,
1181,好,像,会,变,得,更,爱,哭,,,,,,
1185,但,是,乳,房,爬,行,的,婴,儿,,,,,
1186,不,要,说,乳,房,,,,,,,,,
1190,我,只,是,好,奇,婴,儿,怎,么,知,道,,,
1194,不,要,说,了,,,,,,,,,,
1198,乱,流,过,去,了,,,,,,,,,
1202,说,这,些,的,重,点,是,什,么,,,,,
1206,他,叫,我,讲,话,,,,,,,,,
1210,你,怀,孕,了,,,,,,,,,,
1214,我,当,初,是,被,放,在,妈,妈,身,上,,,
1215,还,是,婴,儿,床,,,,,,,,,
1219,回,答,我,,,,,,,,,,,
1223,没,有,,,,,,,,,,,,
1227,怎,么,可,能,啊,,,,,,,,,
1231,婴,儿,床,,,,,,,,,,,
1235,她,怀,孕,了,,,,,,,,,,
1239,没,有,,,,,,,,,,,,
1243,我,妈,住,在,新,泽,西,,,,,,,
1247,我,们,没,有,很,亲,,,,,,,,
1251,我,搬,到,洛,杉,矶,后,就,很,少,联,络,了,
1255,我,来,这,里,将,近,一,年,了,,,,,
1259,很,难,认,识,新,朋,友,,,,,,,
1263,你,们,也,是,吗,,,,,,,,,
1264,好,吧,还,有,什,么,,,,,,,,
1268,我,住,在,高,地,公,园,繁,荣,区,上,方,,
1272,你,对,这,个,话,题,,,,,,,,
1273,可,以,继,续,说,,,,,,,,,
1277,好,,,,,,,,,,,,,
1278,说,就,对,了,继,续,,,,,,,,
1282,我,是,西,达,赛,奈,的,眼,科,医,师,助,理,
1286,这,种,程,度,的,乱,流,,,,,,,
1287,算,是,正,常,的,吗,,,,,,,,
1291,是,的,,,,,,,,,,,,
1292,真,的,吗,,,,,,,,,,,
1296,千,真,万,确,,,,,,,,,,
1297,了,解,,,,,,,,,,,,
1301,完,蛋,了,,,,,,,,,,,
1302,什,么,,,,,,,,,,,,
1306,我,以,为,我,忘,了,带,耳,机,,,,,
1310,飞,机,上,有,无,线,网,路,吗,,,,,
1314,我,不,记,得,了,,,,,,,,,
1318,有,耶,但,要,钱,,,,,,,,,
1322,为,什,么,要,这,样,,,,,,,,
1323,你,最,好,关,机,,,,,,,,,
1327,这,个,吗,,,,,,,,,,,
1328,我,知,道,但,我,忍,不,住,,,,,,
1332,睡,觉,都,要,拿,着,形,影,不,离,,,,
1336,那,是,工,具,,,,,,,,,,
1340,原,本,是,军,方,和,情,报,圈,设,计,的,,
1344,主,要,用,于,中,情,局,,,,,,,
1345,跟,陆,军,的,地,面,行,动,,,,,,
1349,是,强,大,却,也,危,险,的,工,具,,,,
1353,你,没,有,手,机,吗,,,,,,,,
1357,我,只,当,作,工,具,使,用,,,,,,
1361,不,会,帮,它,打,扮,拿,来,玩,游,戏,,,
1365,那,你,可,别,遇,到,我,妈,她,可,是,,,
1369,她,成,天,玩,手,机,停,都,停,不,下,来,,
1373,太,好,了,,,,,,,,,,,
1377,给,她,一,杯,螺,丝,起,子,,,,,,
1378,我,不,用,,,,,,,,,,,
1382,琴,通,宁,,,,,,,,,,,
1386,给,你,开,一,瓶,新,的,吧,,,,,,
1390,谢,谢,,,,,,,,,,,,
1391,不,客,气,,,,,,,,,,,
1395,相,信,我,喝,完,就,舒,服,了,,,,,
1399,干,杯,,,,,,,,,,,,
1403,我,只,担,心,思,绪,不,够,清,晰,的,话,,
1407,万,一,真,的,碰,到,了,危,机,,,,,
1411,你,是,,,,,,,,,,,,
1415,我,阿,姨,有,个,朋,友,是,艾,米,许,人,,
1419,我,们,不,是,艾,米,许,人,,,,,,
1420,我,们,会,喝,酒,,,,,,,,,
1424,受,伤,就,会,喝,,,,,,,,,
1428,减,轻,疼,痛,,,,,,,,,,
1432,听,起,来,就,是,艾,米,许,人,,,,,
1436,我,知,道,很,多,人,歧,视,你,们,,,,
1440,我,朋,友,以,前,是,上,贵,格,会,学,校,,
1444,让,我,,,,,,,,,,,,
1448,这,也,太,巧,合,了,,,,,,,,
1452,很,好,,,,,,,,,,,,
1456,喝,掉,,,,,,,,,,,,
1460,派,对,开,始,了,,,,,,,,,
1464,你,没,住,过,普,洛,维,登,斯,,,,,
1468,从,来,没,有,,,,,,,,,,
1472,太,奇,怪,了,,,,,,,,,,
1476,那,个,女,孩,很,像,,,,,,,,
1477,那,男,的,一,直,盯,着,你,,,,,,
1481,我,知,道,我,可,以,处,理,,,,,,
1485,各,位,检,查,一,下,你,们,的,口,袋,,,
1489,这,可,能,是,调,包,手,法,,,,,,
1493,什,么,手,法,,,,,,,,,,
1497,分,散,注,意,力,他,可,能,是,扒,手,,,
1501,你,是,说,小,偷,,,,,,,,,
1502,对,,,,,,,,,,,,,
1506,刚,刚,才,不,是,那,样,,,,,,,
1510,你,不,懂,这,种,事,,,,,,,,
1514,我,不,懂,,,,,,,,,,,
1518,我,天,天,都,遇,到,这,种,事,,,,,
1522,什,么,,,,,,,,,,,,
1526,所,以,,,,,,,,,,,,
1530,你,们,是,做,什,么,的,,,,,,,
1534,拜,托,我,什,么,都,说,了,,,,,,
1538,我,住,哪,里,祖,母,叫,什,么,都,说,了,,
1542,你,们,呢,你,们,是,,,,,,,,
1546,教,授,吗,,,,,,,,,,,
1550,对,,,,,,,,,,,,,
1551,是,吗,,,,,,,,,,,,
1555,我,猜,得,真,准,,,,,,,,,
1559,不,对,你,不,是,教,授,,,,,,,
1563,你,比,较,像,,,,,,,,,,
1567,你,自,认,是,可,靠,的,人,吗,,,,,
1571,值,得,信,赖,吗,,,,,,,,,
1572,你,不,用,回,答,,,,,,,,,
1576,是,的,,,,,,,,,,,,
1580,我,们,在,机,场,要,干,一,票,大,的,,,
1584,我,就,知,道,你,们,图,谋,不,轨,,,,
1588,我,们,两,个,人,却,有,三,件,行,李,,,
1592,这,样,你,懂,了,吗,,,,,,,,
1596,毫,无,头,绪,,,,,,,,,,
1600,好,像,在,那,里,,,,,,,,,
1601,是,吗,,,,,,,,,,,,
1605,那,是,你,们,两,个,的,,,,,,,
1606,对,,,,,,,,,,,,,
1610,我,好,像,看,到,了,,,,,,,,
1611,真,的,吗,,,,,,,,,,,
1615,我,帮,你,拿,小,行,李,吧,,,,,,
1616,好,啊,,,,,,,,,,,,
1620,好,,,,,,,,,,,,,
1624,拿,去,,,,,,,,,,,,
1628,谢,谢,,,,,,,,,,,,
1632,这,是,最,后,一,件,,,,,,,,
1636,你,东,西,都,拿,了,,,,,,,,
1640,我,们,走,吧,,,,,,,,,,
1644,如,果,真,的,不,幸,遗,失,了,,,,,
1648,你,的,旅,游,保,险,可,以,支,付,,,,
1652,最,多,元,,,,,,,,,,,
1656,只,要,确,认,遗,失,就,能,拿,到,这,笔,钱,
1660,这,通,常,要,花,多,久,时,间,,,,,
1664,相,当,快,最,长,六,周,,,,,,,
1668,最,短,呢,,,,,,,,,,,
1672,这,很,难,说,,,,,,,,,,
1676,但,别,担,心,,,,,,,,,,
1680,行,李,遗,失,是,很,罕,见,的,情,况,,,
1684,我,相,信,一,定,会,找,到,的,,,,,
1688,没,错,这,里,很,划,算,的,,,,,,
1692,她,来,了,别,担,心,我,来,处,理,,,,
1696,女,士,让,我,为,您,带,位,,,,,,
1700,跟,着,演,,,,,,,,,,,
1701,行,李,能,获,赔,多,少,钱,,,,,,
1705,我,大,学,同,学,也,用,过,这,招,,,,
1709,在,圣,诞,假,期,弄,丢,行,李,,,,,
1710,应,该,可,以,拿,到,,,,,,,,
1714,这,个,手,法,是,我,自,己,发,明,的,,,
1718,好,吧,,,,,,,,,,,,
1722,怎,么,样,,,,,,,,,,,
1726,我,不,知,道,周,五,前,能,不,能,拿,到,支,票
1730,什,么,,,,,,,,,,,,
1734,或,许,可,以,但,是,,,,,,,,
1738,也,可,能,要,六,个,星,期,,,,,,
1742,六,个,星,期,,,,,,,,,,
1746,那,就,太,迟,了,,,,,,,,,
1750,我,搭,飞,机,冒,了,生,命,危,险,,,,
1754,抱,歉,,,,,,,,,,,,
1758,六,个,星,期,真,的,是,,,,,,,
1762,可,能,会,快,一,点,不,一,定,,,,,
1766,什,么,会,快,一,点,,,,,,,,
1767,支,票,,,,,,,,,,,,
1771,她,到,底,是,谁,,,,,,,,,
1775,为,什,么,要,让,她,加,入,我,,,,,
1779,我,真,的,不,懂,,,,,,,,,
1783,我,去,上,一,下,洗,手,间,好,了,,,,
1787,故,障,了,,,,,,,,,,,
1791,要,去,外,面,加,油,站,那,边,上,,,,
1795,喂,,,,,,,,,,,,,
1796,你,终,于,接,了,,,,,,,,,
1800,我,打,了,好,几,通,耶,,,,,,,
1804,抱,歉,我,开,飞,航,模,式,,,,,,
1808,所,以,你,降,落,了,,,,,,,,
1809,到,家,了,吧,很,好,,,,,,,,
1813,我,正,在,看,古,董,节,目,,,,,,
1814,你,也,在,看,吗,,,,,,,,,
1818,对,啊,你,先,睡,吧,,,,,,,,
1819,我,们,明,天,再,聊,,,,,,,,
1823,你,上,床,了,吗,舒,服,吗,,,,,,
1827,把,羊,毛,枕,头,放,到,膝,盖,下,面,,,
1831,我,放,了,很,舒,服,,,,,,,,
1835,你,有,小,零,嘴,可,以,吃,吗,,,,,
1839,我,看,不,清,楚,你,的,脸,,,,,,
1843,好,暗,,,,,,,,,,,,
1844,灯,坏,了,,,,,,,,,,,
1848,这,样,吧,,,,,,,,,,,
1852,我,帮,你,订,一,个,自,黏,灯,,,,,
1853,你,以,前,房,间,里,那,款,,,,,,
1857,只,要,打,开,开,关,,,,,,,,
1861,你,那,边,几,点,了,,,,,,,,
1865,我,们,的,作,息,差,太,多,,,,,,
1869,我,知,道,作,息,一,样,,,,,,,
1870,你,会,比,较,习,惯,,,,,,,,
1874,但,现,在,不,可,能,,,,,,,,
1875,没,错,,,,,,,,,,,,
1879,到,货,时,间,是,星,期,二,,,,,,
1883,不,对,是,星,期,二,没,错,,,,,,
1887,那,盒,冰,茶,收,到,了,吗,,,,,,
1891,我,早,上,看,到,一,个,东,西,就,想,到,你,
1895,你,一,定,会,很,开,心,,,,,,,
1899,输,入,维,莫,滤,茶,壶,,,,,,,
1903,点,按,下,方,的,照,片,,,,,,,
1907,然,后,放,大,,,,,,,,,,
1911,这,个,人,的,旧,摇,椅,,,,,,,
1912,可,以,卖,五,十,万,元,耶,,,,,,
1916,他,超,意,外,的,完,全,不,知,道,,,,
1920,我,想,到,一,个,妙,招,,,,,,,
1924,能,赚,到,一,千,五,百,元,,,,,,
1928,我,要,开,始,说,了,,,,,,,,
1932,我,不,是,医,师,助,理,,,,,,,
1936,那,是,我,临,时,乱,编,的,总,之,,,,
1940,我,在,拱,廊,商,店,街,的,,,,,,
1941,亚,布,拉,罕,眼,镜,行,工,作,,,,,
1945,那,一,家,是,最,烂,的,分,店,,,,,
1949,在,那,里,根,本,是,浪,费,生,命,,,,
1953,整,天,卖,老,花,眼,镜,给,麻,烦,的,老,人,
1957,尖,酸,刻,薄,但,又,寂,寞,无,助,的,老,人,
1961,他,们,邀,请,我,去,过,复,活,节,和,打,麻,将
1965,看,他,们,的,相,簿,,,,,,,,
1969,我,没,去,因,为,很,恶,心,,,,,,
1973,但,我,去,的,话,,,,,,,,,
1974,肯,定,会,找,到,厉,害,的,古,董,,,,
1978,真,的,,,,,,,,,,,,
1982,不,是,什,么,珍,贵,文,物,,,,,,
1983,但,我,有,感,觉,,,,,,,,,
1987,如,果,我,说,我,喜,欢,,,,,,,
1991,他,们,就,会,送,我,或,便,宜,卖,我,,,
1995,我,们,就,能,转,卖,换,一,点,小,钱,,,
1999,棒,吧,,,,,,,,,,,,
2003,我,们,要,把,古,董,卖,给,谁,,,,,
2007,我,们,可,以,,,,,,,,,,
2011,在,跳,蚤,市,场,摆,摊,,,,,,,
2015,我,喜,欢,跳,蚤,市,场,很,文,青,,,,
2019,这,个,点,子,太,妙,了,,,,,,,
2023,了,不,起,,,,,,,,,,,
2027,对,吧,,,,,,,,,,,,
2031,三,方,平,分,,,,,,,,,,
2035,好,当,然,没,问,题,,,,,,,,
2039,我,就,当,实,习,生,,,,,,,,
2043,我,是,梅,兰,妮,,,,,,,,,
2047,很,好,,,,,,,,,,,,
2051,梅,兰,妮,她,是,欧,多,利,欧,,,,,
2055,欧,什,么,,,,,,,,,,,
2056,多,利,欧,,,,,,,,,,,
2060,欧,多,利,欧,我,喜,欢,,,,,,,
2064,我,一,直,想,做,这,种,刺,激,的,事,,,
2068,不,要,碰,不,要,碰,桌,子,,,,,,
2072,我,遇,过,很,多,这,种,小,地,震,,,,
2076,它,会,让,物,品,都,带,电,会,触,电,,,
2080,这,可,能,只,是,前,奏,,,,,,,
2084,噪,音,会,愈,来,愈,大,,,,,,,
2088,这,场,应,该,还,好,,,,,,,,
2092,大,地,震,会,很,大,声,,,,,,,
2096,被,东,西,压,死,还,算,你,走,运,,,,
2100,当,场,就,会,死,掉,,,,,,,,
2104,死,得,痛,快,,,,,,,,,,
2108,直,接,进,入,涅,槃,,,,,,,,
2112,所,以,嘛,人,生,苦,短,,,,,,,
2116,我,说,的,没,错,吧,,,,,,,,
2120,他,们,真,有,个,性,非,常,特,别,,,,
2124,但,你,能,为,他,们,担,保,对,吧,,,,
2128,担,保,,,,,,,,,,,,
2132,我,是,指,基,本,的,安,全,,,,,,
2136,我,有,朋,友,在,跳,脱,衣,舞,,,,,
2137,但,我,也,不,会,去,跳,,,,,,,
2141,但,这,感,觉,更,,,,,,,,,
2145,说,实,话,我,最,爱,的,电,影,,,,,
2146,是,瞒,天,过,海,,,,,,,,,
2150,能,参,与,真,正,的,窃,案,,,,,,
2151,我,感,到,相,当,兴,奋,,,,,,,
2155,你,怎,么,认,识,他,们,的,,,,,,
2159,他,们,是,我,爸,妈,,,,,,,,
2163,真,有,意,思,的,上,衣,,,,,,,
2167,谢,谢,,,,,,,,,,,,
2171,这,其,实,是,洋,装,我,只,是,,,,,
2175,我,喜,欢,你,的,运,动,外,套,,,,,
2179,苏,你,的,气,色,真,不,错,,,,,,
2183,我,们,来,了,他,们,是,我,的,家,人,,,
2187,这,个,好,漂,亮,喔,,,,,,,,
2191,很,美,吧,我,丈,夫,给,我,的,,,,,
2195,他,在,英,国,买,的,,,,,,,,
2199,我,父,母,两,边,的,祖,先,都,是,英,国,人,
2203,我,想,那,里,的,人,比,较,文,明,,,,
2207,比,较,会,,,,,,,,,,,
2208,这,个,好,可,爱,,,,,,,,,
2212,苏,我,喜,欢,这,只,狗,,,,,,,
2216,天,哪,,,,,,,,,,,,
2220,我,真,是,笨,手,笨,脚,,,,,,,
2221,没,关,系,妈,妈,,,,,,,,,
2225,你,不,要,自,责,,,,,,,,,
2229,我,都,不,知,道,你,们,是,,,,,,
2233,但,你,不,是,英,国,人,,,,,,,
2237,不,是,,,,,,,,,,,,
2238,你,太,黑,了,,,,,,,,,,
2242,到,处,都,有,肤,色,深,的,人,,,,,
2246,我,知,道,但,一,般,想,到,英,国,人,,,
2250,她,是,养,女,,,,,,,,,,
2254,一,个,是,上,天,赐,予,,,,,,,
2255,一,个,是,我,们,选,择,的,,,,,,
2259,我,对,小,狮,蚁,也,是,这,种,感,觉,,,
2263,过,来,这,里,宝,贝,,,,,,,,
2267,小,狮,蚁,很,美,的,名,字,,,,,,
2271,那,是,,,,,,,,,,,,
2272,那,是,法,文,,,,,,,,,,
2276,才,我,们,要,元,,,,,,,,,
2280,不,要,操,之,过,急,,,,,,,,
2284,存,款,超,过,七,百,会,招,来,银,行,检,查,
2288,我,们,再,做,个,几,次,,,,,,,
2292,周,五,前,再,两,票,,,,,,,,
2293,没,错,,,,,,,,,,,,
2297,什,么,,,,,,,,,,,,
2298,不,行,,,,,,,,,,,,
2302,如,果,被,抓,到,我,就,惨,了,,,,,
2303,我,是,波,多,黎,各,人,,,,,,,
2307,很,厉,害,吧,,,,,,,,,,
2311,欧,多,利,欧,还,不,会,写,字,,,,,
2312,就,学,会,伪,造,了,,,,,,,,
2316,她,就,是,靠,这,个,学,写,字,的,,,,
2320,我,的,计,划,怎,么,办,难,道,就,,,,
2324,你,的,计,划,是,,,,,,,,,
2325,利,用,寂,寞,老,人,的,慷,慨,赚,钱,,,
2329,等,等,,,,,,,,,,,,
2333,你,弄,掉,了,我,的,指,甲,,,,,,
2337,我,现,在,要,全,部,摘,掉,了,,,,,
2341,如,果,少,了,一,片,指,甲,,,,,,
2342,我,就,像,疯,婆,子,一,样,,,,,,
2346,你,在,,,,,,,,,,,,
2350,好,我,可,以,,,,,,,,,,
2354,要,用,特,制,的,洗,甲,水,才,行,,,,
2358,没,错,,,,,,,,,,,,
2359,这,是,很,灵,活,高,收,益,的,生,意,,,
2363,没,错,设,计,得,很,精,巧,,,,,,
2367,我,之,前,没,注,意,到,,,,,,,
2368,这,其,实,很,时,髦,,,,,,,,
2372,我,觉,得,应,该,先,缴,给,房,东,,,,
2376,跟,他,说,剩,下,的,尽,快,补,齐,,,,
2380,你,好,,,,,,,,,,,,
2384,你,好,,,,,,,,,,,,
2388,看,看,这,个,家,伙,你,们,看,,,,,
2392,我,活,像,个,参,议,员,,,,,,,
2396,我,喜,欢,泡,热,水,澡,,,,,,,
2400,你,的,浴,室,是,什,么,颜,色,,,,,
2404,你,觉,得,这,个,搭,吗,,,,,,,
2405,这,种,珊,瑚,纹,样,式,,,,,,,
2409,受,不,了,了,,,,,,,,,,
2413,可,以,这,样,滑,进,来,,,,,,,
2414,进,来,呀,欧,多,利,欧,,,,,,,
2418,这,样,擅,自,进,去,不,好,吧,,,,,
2422,当,然,可,以,,,,,,,,,,
2426,可,以,试,躺,看,看,进,去,吧,,,,,
2430,请,不,要,拘,束,让,我,帮,你,,,,,
2434,我,可,以,自,己,来,,,,,,,,
2438,找,个,坐,起,来,舒,服,的,位,置,,,,
2442,空,间,大,得,很,,,,,,,,,
2446,现,在,请,想,像,一,下,,,,,,,
2450,热,水,会,淹,到,这,里,,,,,,,
2454,我,也,进,去,吧,,,,,,,,,
2458,抱,歉,,,,,,,,,,,,
2462,总,共,有,个,可,调,整,的,按,摩,头,,,
2466,还,有,对,准,脖,子,和,肩,膀,的,喷,嘴,,
2470,瀑,布,式,水,龙,头,,,,,,,,
2474,创,造,舒,缓,身,心,的,氛,围,,,,,
2478,会,有,一,种,氛,围,,,,,,,,
2482,我,要,继,续,吗,她,动,心,了,对,吧,,,
2486,这,要,多,少,钱,,,,,,,,,
2490,元,,,,,,,,,,,,,
2494,只,要,先,付,元,,,,,,,,,
2498,每,个,月,缴,元,,,,,,,,,
2502,年,利,率,百,分,之,,,,,,,,
2506,我,们,付,元,就,能,带,走,它,,,,,
2510,没,错,但,不,是,这,一,个,,,,,,
2514,我,们,必,须,从,仓,库,出,货,,,,,
2518,但,是,明,天,就,会,到,货,,,,,,
2522,元,,,,,,,,,,,,,
2526,如,果,我,不,满,意,,,,,,,,
2530,随,时,可,以,退,货,,,,,,,,
2531,你,们,会,全,额,退,费,,,,,,,
2535,安,装,了,以,后,就,不,能,,,,,,
2539,装,好,了,当,然,不,行,,,,,,,
2543,但,如,果,还,没,装,好,,,,,,,
2547,当,然,如,果,尺,寸,不,合,,,,,,
2548,或,是,颜,色,不,搭,,,,,,,,
2552,可,以,加,购,保,护,膜,,,,,,,
2556,我,要,给,你,一,个,建,议,,,,,,
2560,什,么,,,,,,,,,,,,
2564,衣,服,穿,多,一,点,,,,,,,,
2568,你,让,旁,人,很,不,自,在,,,,,,
2569,我,能,得,到,全,额,退,费,,,,,,
2573,我,们,必,须,速,战,速,决,,,,,,
2577,才,能,在,五,点,前,拦,截,漏,水,,,,
2581,说,实,话,我,有,点,兴,奋,,,,,,
2582,因,为,这,个,人,是,个,讨,厌,鬼,,,,
2586,他,名,叫,阿,贝,,,,,,,,,
2590,天,啊,感,觉,像,不,可,能,的,任,务,,,
2594,他,是,我,们,所,谓,的,爽,约,客,人,,,
2598,他,没,有,来,拿,眼,镜,,,,,,,
2599,所,以,我,必,须,打,电,话,提,醒,,,,
2603,我,打,了,之,后,,,,,,,,,
2604,他,问,我,是,否,能,送,过,来,,,,,
2608,通,常,我,会,说,我,们,没,有,这,项,服,务,
2612,但,是,当,我,告,诉,他,,,,,,,
2613,我,要,带,我,的,家,人,一,起,来,,,,
2617,他,好,像,在,哭,泣,似,乎,很,绝,望,,,
2621,门,没,锁,,,,,,,,,,,
2625,那,我,就,好,吧,,,,,,,,,
2629,你,好,,,,,,,,,,,,
2633,我,不,太,舒,服,,,,,,,,,
2637,但,请,自,己,来,不,要,客,气,,,,,
2641,就,是,这,样,,,,,,,,,,
2645,把,这,里,当,自,己,家,,,,,,,
2649,像,平,常,一,样,在,房,子,里,活,动,,,
2653,我,想,他,只,是,很,寂,寞,,,,,,
2657,不,是,他,假,装,要,我,们,,,,,,
2661,对,啊,假,装,是,他,的,家,人,,,,,
2665,现,在,他,只,落,后,两,杆,,,,,,
2669,很,好,这,样,很,好,,,,,,,,
2673,我,儿,子,以,前,会,看,那,个,节,目,,,
2677,罗,伯,特,你,老,是,在,看,体,育,节,目,,
2681,偶,尔,也,去,割,一,下,草,坪,吧,,,,
2685,很,好,,,,,,,,,,,,
2689,多,做,一,点,这,样,的,事,,,,,,
2693,学,校,怎,么,样,亲,爱,的,,,,,,
2697,学,校,很,好,,,,,,,,,,
2701,你,今,天,过,得,如,何,,,,,,,
2705,麻,烦,大,声,一,点,,,,,,,,
2709,你,今,天,过,得,如,何,,,,,,,
2713,妈,你,今,天,做,了,什,么,,,,,,
2717,你,人,真,好,,,,,,,,,,
2721,这,么,关,心,我,,,,,,,,,
2725,你,真,的,想,知,道,,,,,,,,
2729,不,轻,松,我,每,天,都,很,不,轻,松,,,
2733,为,什,么,发,生,了,什,么,事,,,,,
2737,冰,箱,故,障,了,,,,,,,,,
2741,不,在,这,里,,,,,,,,,,
2745,所,以,,,,,,,,,,,,
2749,你,一,定,是,修,理,冰,箱,的,人,,,,
2753,好,的,,,,,,,,,,,,
2757,我,猜,你,出,勤,时,一,定,遇,到,,,,
2758,很,多,寂,寞,的,女,人,,,,,,,
2762,修,理,冰,箱,的,时,候,,,,,,,
2766,家,庭,主,妇,一,定,对,你,投,怀,送,抱,吧,
2770,如,果,你,需,要,工,具,我,有,工,具,,,
2774,我,只,是,来,工,作,的,,,,,,,
2778,支,票,簿,不,在,这,里,,,,,,,
2782,检,查,他,的,卧,室,快,点,,,,,,
2786,好,困,难,,,,,,,,,,,
2790,好,想,赶,快,入,睡,,,,,,,,
2794,一,睡,不,起,,,,,,,,,,
2798,好,热,闹,,,,,,,,,,,
2802,或,许,来,点,餐,具,碰,撞,的,声,音,,,
2806,或,去,弹,钢,琴,,,,,,,,,
2810,应,该,是,在,房,间,但,要,等,一,下,,,
2814,已,经,四,点,十,五,分,了,,,,,,
2818,要,开,始,漏,水,了,,,,,,,,
2822,他,想,要,,,,,,,,,,,
2826,死,掉,,,,,,,,,,,,
2830,但,我,们,应,该,继,续,,,,,,,
2834,他,说,想,要,听,人,弹,钢,琴,,,,,
2838,还,有,餐,具,碰,撞,的,声,音,,,,,
2842,学,校,怎,么,样,亲,爱,的,,,,,,
2846,很,好,啊,,,,,,,,,,,
2850,但,我,肚,子,好,饿,,,,,,,,
2851,我,也,是,,,,,,,,,,,
2855,你,们,想,吃,剩,下,的,蛋,糕,吗,,,,
2859,好,啊,,,,,,,,,,,,
2863,他,得,分,了,,,,,,,,,,
2864,没,错,一,杆,进,洞,,,,,,,,
2868,我,可,以,吃,一,点,吗,,,,,,,
2872,要,配,牛,奶,吗,,,,,,,,,
2876,麻,烦,你,,,,,,,,,,,
2880,谢,谢,,,,,,,,,,,,
2884,我,明,天,割,一,下,草,坪,好,了,,,,
2888,你,上,周,末,也,这,样,说,,,,,,
2889,有,吗,,,,,,,,,,,,
2893,不,然,我,去,割,吧,,,,,,,,
2897,割,草,机,就,在,车,库,里,嘛,,,,,
2901,静,音,,,,,,,,,,,,
2905,去,看,看,快,点,,,,,,,,,
2909,我,还,在,人,世,间,吗,,,,,,,
2913,是,的,,,,,,,,,,,,
2917,你,还,看,得,到,光,线,吧,,,,,,
2921,因,为,到,时,候,会,是,,,,,,,
2922,一,片,漆,黑,与,寂,静,,,,,,,
2926,拜,托,不,要,乱,动,这,间,房,子,,,,
2930,我,还,要,留,给,孩,子,用,,,,,,
2934,他,们,不,是,坏,孩,子,,,,,,,
2938,只,是,很,忙,,,,,,,,,,
2942,生,命,很,空,虚,,,,,,,,,
2946,就,放,手,吧,不,用,想,太,多,,,,,
2950,就,像,你,放,掉,,,,,,,,,
2954,一,条,绳,子,,,,,,,,,,
2958,就,让,它,,,,,,,,,,,
2962,没,什,么,大,不,了,的,,,,,,,
2966,不,会,吧,,,,,,,,,,,
2970,我,的,天,啊,,,,,,,,,,
2974,怎,么,了,,,,,,,,,,,
2978,怎,么,了,,,,,,,,,,,
2979,这,,,,,,,,,,,,,
2983,我,是,说,,,,,,,,,,,
2984,她,的,情,感,很,脆,弱,,,,,,,
2988,你,不,会,懂,的,但,我,懂,,,,,,
2992,这,不,是,支,票,簿,,,,,,,,
2993,会,悲,伤,是,你,的,本,性,,,,,,
2997,我,不,要,再,做,这,种,事,了,,,,,
3001,我,也,觉,得,不,该,拿,走,他,的,东,西,,
3005,事,情,是,这,样,的,,,,,,,,
3009,支,票,簿,在,房,子,里,的,某,个,地,方,,
3013,找,到,之,后,,,,,,,,,,
3014,我,们,就,把,元,一,次,弄,到,手,,,,
3018,然,后,就,此,收,手,,,,,,,,
3022,因,为,说,实,话,我,觉,得,很,不,舒,服,,
3026,我,觉,得,这,种,事,很,不,舒,服,所,以,,
3030,你,回,去,接,漏,水,,,,,,,,
3034,搭,号,公,车,回,去,还,来,得,及,,,,
3038,快,点,动,作,快,,,,,,,,,
3042,我,了,解,你,坐,下,来,喝,杯,水,,,,
3046,欧,多,利,欧,达,因,,,,,,,,
3050,你,的,儿,子,多,大,了,,,,,,,
3051,三,岁,,,,,,,,,,,,
3055,他,的,名,字,是,,,,,,,,,
3056,塞,勒,斯,小,塞,,,,,,,,,
3060,好,的,,,,,,,,,,,,
3064,你,好,小,塞,,,,,,,,,,
3068,他,也,会,尤,其,是,碰,到,陌,生,人,,,
3072,他,会,大,发,雷,霆,,,,,,,,
3076,好,这,样,很,好,,,,,,,,,
3080,现,在,我,们,知,道,,,,,,,,
3081,有,个,爱,打,人,的,三,岁,孩,子,,,,
3085,这,也,很,正,常,,,,,,,,,
3089,首,先,我,会,观,察,,,,,,,,
3093,你,肚,子,饿,吗,,,,,,,,,
3097,没,有,,,,,,,,,,,,
3101,你,累,了,吗,,,,,,,,,,
3105,没,有,,,,,,,,,,,,
3109,你,看,起,来,很,兴,奋,小,塞,,,,,
3113,你,看,到,其,他,孩,子,很,兴,奋,,,,
3117,你,想,要,他,们,注,意,你,,,,,,
3118,没,错,,,,,,,,,,,,
3122,很,好,,,,,,,,,,,,
3126,有,时,候,这,样,就,够,了,,,,,,
3130,用,言,语,表,达,需,求,就,够,了,,,,
3134,三,岁,小,孩,想,要,被,注,意,,,,,
3135,很,合,理,对,吧,,,,,,,,,
3139,你,应,该,,,,,,,,,,,
3143,如,果,你,想,要,的,话,,,,,,,
3147,她,可,能,想,再,干,一,票,,,,,,
3151,不,可,能,,,,,,,,,,,
3155,我,们,一,起,讲,如,何,,,,,,,
3159,不,然,你,先,开,场,吧,,,,,,,
3163,我,去,看,一,下,前,面,,,,,,,
3167,好,的,,,,,,,,,,,,
3171,欧,多,利,欧,好,像,不,喜,欢,我,,,,
3175,不,是,她,对,谁,都,那,样,,,,,,
3179,她,只,是,不,善,于,表,达,,,,,,
3183,你,女,儿,的,名,字,是,,,,,,,
3187,欧,多,利,欧,,,,,,,,,,
3191,欧,什,么,,,,,,,,,,,
3192,多,利,欧,,,,,,,,,,,
3196,那,是,一,个,中,乐,透,的,流,浪,汉,的,名,字
3197,本,想,说,能,分,一,点,遗,产,,,,,
3201,但,欧,多,利,欧,,,,,,,,,
3205,那,个,老,欧,多,利,欧,最,后,把,钱,,,
3206,都,花,在,实,验,性,抗,癌,药,物,上,,,
3210,好,的,,,,,,,,,,,,
3214,你,女,儿,的,状,况,是,,,,,,,
3218,她,不,知,道,什,么,是,脆,弱,的,情,感,,
3222,你,好,欧,多,利,欧,,,,,,,,
3226,我,只,要,先,观,察,,,,,,,,
3230,你,觉,得,有,压,力,吗,,,,,,,
3234,没,有,,,,,,,,,,,,
3238,你,要,握,我,的,手,吗,,,,,,,
3242,不,要,好,的,,,,,,,,,,
3246,你,头,发,留,好,长,,,,,,,,
3250,很,漂,亮,亲,爱,的,,,,,,,,
3254,能,帮,你,梳,头,发,吗,,,,,,,
3258,只,是,小,地,震,没,事,的,,,,,,
3262,没,事,的,有,我,在,很,安,全,,,,,
3266,我,来,把,它,调,热,一,点,,,,,,
3270,你,最,好,,,,,,,,,,,
3274,这,里,有,排,水,口,,,,,,,,
3278,在,下,面,这,里,地,板,上,,,,,,
3282,你,要,退,货,还,是,卖,掉,之,后,再,退,,
3286,你,想,怎,么,做,,,,,,,,,
3290,关,灯,比,较,有,气,氛,,,,,,,
3294,我,们,来,泡,个,澡,吧,,,,,,,
3298,你,很,讶,异,吗,,,,,,,,,
3302,或,许,你,不,知,道,我,有,这,种,感,觉,,
3306,不,会,,,,,,,,,,,,
3310,这,是,我,这,辈,子,最,不,惊,讶,的,事,了,
3314,接,下,来,怎,么,进,行,,,,,,,
3318,你,要,看,我,脱,衣,服,,,,,,,
3319,然,后,把,老,二,弄,硬,,,,,,,
3323,之,后,我,再,进,去,,,,,,,,
3327,怎,么,样,,,,,,,,,,,
3331,来,啊,,,,,,,,,,,,
3335,所,以,你,在,想,像,什,么,画,面,,,,
3339,抹,满,泡,泡,的,奶,子,,,,,,,
3340,当,然,,,,,,,,,,,,
3344,我,就,知,道,,,,,,,,,,
3348,这,能,开,吗,,,,,,,,,,
3352,不,行,想,也,知,道,不,行,,,,,,
3356,这,里,没,一,样,东,西,能,用,真,可,悲,,
3360,那,要,乳,交,吗,,,,,,,,,
3364,我,引,起,你,的,注,意,了,,,,,,
3365,有,人,在,吗,,,,,,,,,,
3369,我,们,希,望,你,也,能,享,受,,,,,
3373,没,错,,,,,,,,,,,,
3377,怎,样,才,能,让,你,开,心,,,,,,
3381,了,不,起,,,,,,,,,,,
3382,听,我,说,,,,,,,,,,,
3386,我,们,休,息,一,下,吃,个,点,心,吧,,,
3387,我,们,很,讶,异,我,以,为,,,,,,
3391,怎,么,了,,,,,,,,,,,
3395,你,们,在,做,什,么,,,,,,,,
3399,盘,子,上,怎,么,会,有,饼,干,,,,,
3403,别,走,亲,爱,的,,,,,,,,,
3407,亲,爱,的,,,,,,,,,,,
3411,你,,,,,,,,,,,,,
3415,从,来,没,这,样,叫,过,我,,,,,,
3419,我,有,,,,,,,,,,,,
3423,我,有,这,样,叫,过,你,,,,,,,
3427,是,吗,,,,,,,,,,,,
3431,那,现,在,叫,啊,,,,,,,,,
3435,那,是,什,么,这,是,什,么,,,,,,
3439,新,生,儿,到,十,八,岁,,,,,,,
3443,你,做,不,到,吧,,,,,,,,,
3447,如,果,是,工,作,就,可,以,了,对,吧,,,
3451,给,你,元,,,,,,,,,,,
3452,让,你,叫,我,一,声,亲,爱,的,,,,,
3456,平,分,三,份,,,,,,,,,,
3460,每,份,元,,,,,,,,,,,
3464,这,次,我,不,想,这,样,分,,,,,,
3468,就,三,个,字,说,出,来,,,,,,,
3472,你,就,说,吧,,,,,,,,,,
3476,我,说,不,出,口,,,,,,,,,
3480,我,们,不,会,叫,你,亲,爱,的,,,,,
3484,或,者,是,宝,贝,什,么,的,,,,,,
3488,我,们,不,会,用,丝,带,绑,生,日,礼,物,,
3492,我,不,想,要,,,,,,,,,,
3493,就,是,,,,,,,,,,,,
3497,你,就,是,想,要,,,,,,,,,
3501,还,有,什,么,,,,,,,,,,
3505,你,要,我,把,你,放,在,我,的,肚,子,上,吗,
3509,煎,个,松,饼,,,,,,,,,,
3513,你,要,我,跳,一,下,舞,吗,,,,,,
3517,不,想,,,,,,,,,,,,
3518,你,想,,,,,,,,,,,,
3522,你,要,我,们,成,为,做,作,虚,伪,的,人,,
3526,对,不,起,我,不,是,有,意,要,,,,,
3530,那,我,来,,,,,,,,,,,
3534,我,可,以,为,元,,,,,,,,,
3535,叫,你,亲,爱,的,,,,,,,,,
3539,继,续,走,,,,,,,,,,,
3543,好,多,东,西,,,,,,,,,,
3547,是,啊,,,,,,,,,,,,
3551,这,是,什,么,,,,,,,,,,
3555,那,是,很,蠢,的,加,热,杯,垫,,,,,
3559,我,妈,买,东,西,常,常,买,两,份,,,,
3560,然,后,寄,给,我,一,份,,,,,,,
3564,今,天,是,周,三,,,,,,,,,
3568,周,三,因,为,下,水,道,的,关,系,,,,
3569,会,漏,三,次,水,,,,,,,,,
3573,需,要,三,个,人,才,够,,,,,,,
3577,现,在,应,该,满,地,积,水,了,,,,,
3581,他,们,随,时,会,打,电,话,来,,,,,
3585,在,他,们,把,水,桶,放,下,来,之,后,,,
3589,好,吧,,,,,,,,,,,,
3593,不,管,怎,样,谢,谢,你,,,,,,,
3597,给,你,这,些,钱,应,该,够,,,,,,
3601,除,非,你,买,很,多,我,不,知,道,,,,
3605,你,不,用,付,钱,给,,,,,,,,
3609,好,吧,,,,,,,,,,,,
3613,你,有,瘾,头,了,,,,,,,,,
3617,什,么,,,,,,,,,,,,
3621,你,对,他,们,上,瘾,了,,,,,,,
3625,我,亲,戚,提,摩,西,之,前,想,要,戒,毒,,
3629,他,会,正,常,一,阵,子,,,,,,,
3630,然,后,又,突,然,很,想,要,,,,,,
3634,这,有,点,不,一,样,,,,,,,,
3635,他,们,是,我,爸,妈,,,,,,,,
3639,怎,么,说,,,,,,,,,,,
3643,什,么,,,,,,,,,,,,
3647,怎,么,说,他,们,是,你,的,爸,妈,,,,
3651,可,以,举,例,吗,,,,,,,,,
3655,我,们,的,东,西,都,会,平,分,成,三,份,,
3659,从,我,小,时,候,就,这,样,,,,,,
3663,你,把,钱,花,在,哪,里,,,,,,,
3667,什,么,,,,,,,,,,,,
3668,你,的,那,一,份,,,,,,,,,
3672,我,们,分,配,事,情,都,很,公,平,,,,
3676,你,看,吧,,,,,,,,,,,
3680,这,又,是,一,个,例,子,,,,,,,
3684,我,举,出,两,点,了,,,,,,,,
3688,你,是,不,是,忘,了,什,么,,,,,,
3692,亲,爱,的,,,,,,,,,,,
3696,亲,爱,的,,,,,,,,,,,
3700,我,的,甜,心,,,,,,,,,,
3704,我,的,甜,心,宝,贝,,,,,,,,
3708,对,街,就,可,以,兑,现,支,票,,,,,
3712,所,以,你,现,在,要,,,,,,,,
3716,回,家,,,,,,,,,,,,
3720,等,一,下,,,,,,,,,,,
3724,你,真,的,要,给,我,这,么,多,,,,,
3728,这,是,一,整,套,的,服,务,,,,,,
3732,所,以,,,,,,,,,,,,
3736,他,们,不,叫,你,亲,爱,的,,,,,,
3740,甜,心,或,宝,贝,,,,,,,,,
3744,这,项,完,成,了,,,,,,,,,
3748,他,们,不,煎,,,,,,,,,,
3752,松,饼,,,,,,,,,,,,
3756,我,们,不,用,你,可,以,直,接,拿,钱,,,
3760,她,说,把,你,放,在,肚,子,上,,,,,
3761,那,件,事,是,什,么,,,,,,,,
3765,那,叫,乳,房,爬,行,不,用,啦,,,,,
3769,跳,一,下,舞,,,,,,,,,,
3773,我,不,知,道,她,干,吗,说,那,个,,,,
3777,你,跳,过,舞,吗,,,,,,,,,
3781,有,啊,,,,,,,,,,,,
3785,生,日,,,,,,,,,,,,
3789,用,蝴,蝶,结,绑,起,来,的,生,日,礼,物,,
3793,真,的,不,用,这,样,,,,,,,,
3797,完,成,这,些,事,我,拿,到,钱,,,,,
3801,你,就,可,以,走,了,,,,,,,,
3805,我,要,去,买,明,早,煎,松,饼,的,材,料,,
3809,明,早,,,,,,,,,,,,
3810,煎,饼,是,早,餐,,,,,,,,,
3814,那,里,有,摄,影,机,,,,,,,,
3818,还,有,那,里,跟,那,里,,,,,,,
3822,一,流,的,保,全,系,统,都,呈,五,角,形,,
3826,一,定,要,小,心,避,开,,,,,,,
3830,基,本,上,奇,数,走,道,的,东,西,,,,
3831,都,能,免,费,拿,,,,,,,,,
3835,我,是,来,买,东,西,的,,,,,,,
3839,所,以,,,,,,,,,,,,
3843,对,啊,我,只,是,,,,,,,,,
3847,分,享,冷,知,识,,,,,,,,,
3851,可,以,吗,,,,,,,,,,,
3855,你,我,有,睡,衣,,,,,,,,,
3859,不,用,这,样,就,可,以,了,,,,,,
3863,你,在,做,什,么,,,,,,,,,
3867,什,么,意,思,,,,,,,,,,
3871,你,想,要,,,,,,,,,,,
3875,你,想,要,激,怒,我,吗,,,,,,,
3879,什,么,烂,棉,被,有,够,难,睡,,,,,
3883,我,会,直,接,煎,一,大,片,,,,,,
3887,就,不,用,一,直,翻,,,,,,,,
3891,小,一,点,比,较,好,玩,啊,,,,,,
3895,可,以,叠,成,一,堆,,,,,,,,
3899,多,数,的,快,乐,来,自,于,蠢,事,,,,
3903,好,吧,,,,,,,,,,,,
3907,好,所,以,,,,,,,,,,,
3911,完,成,了,,,,,,,,,,,
3915,接,下,来,,,,,,,,,,,
3919,那,个,啊,,,,,,,,,,,
3923,我,可,以,找,个,暗,处,爬,出,来,,,,
3924,没,问,题,,,,,,,,,,,
3928,我,从,一,片,漆,黑,中,爬,出,来,,,,
3932,光,线,很,刺,眼,然,后,这,里,是,肚,子,,
3936,这,样,就,完,成,了,,,,,,,,
3940,我,知,道,一,个,更,暗,的,地,方,,,,
3944,没,关,系,啦,这,样,就,行,了,,,,,
3948,不,会,花,太,久,时,间,,,,,,,
3952,我,们,刚,经,过,七,号,公,车,站,牌,,,
3956,回,程,你,可,以,把,我,放,在,这,里,,,
3960,这,里,是,,,,,,,,,,,
3964,灯,故,障,了,,,,,,,,,,
3968,这,里,真,的,好,暗,但,,,,,,,
3972,但,这,里,太,远,不,用,那,么,麻,烦,,,
3976,一,点,也,没,错,,,,,,,,,
3980,所,以,我,就,爬,出,去,然,后,,,,,
3984,只,是,小,地,震,,,,,,,,,
3988,不,对,愈,摇,愈,大,了,,,,,,,
3992,大,地,震,,,,,,,,,,,
3993,我,们,快,出,去,,,,,,,,,
3997,不,行,不,要,碰,门,或,墙,壁,,,,,
4001,会,触,电,待,在,房,间,中,间,,,,,
4005,门,把,,,,,,,,,,,,
4006,那,是,金,属,会,带,电,不,要,碰,,,,
4010,好,安,静,,,,,,,,,,,
4014,外,面,都,没,有,声,音,,,,,,,
4018,是,很,安,静,,,,,,,,,,
4022,为,什,么,这,么,安,静,,,,,,,
4026,又,变,暗,了,,,,,,,,,,
4027,本,来,就,很,暗,,,,,,,,,
4031,不,对,现,在,是,完,全,黑,暗,,,,,
4035,我,的,天,啊,,,,,,,,,,
4039,怎,么,了,,,,,,,,,,,
4043,怎,么,回,事,,,,,,,,,,
4047,怎,样,,,,,,,,,,,,
4048,你,不,会,想,知,道,的,,,,,,,
4052,我,们,已,经,不,在,人,世,了,,,,,
4056,什,么,,,,,,,,,,,,
4057,没,错,我,想,那,发,生,在,一,瞬,间,,,
4061,第,一,声,巨,响,那,时,候,,,,,,
4062,是,吗,,,,,,,,,,,,
4066,我,们,就,死,了,,,,,,,,,
4070,我,没,事,啊,,,,,,,,,,
4074,无,法,接,受,的,人,都,会,这,样,说,,,
4078,你,可,能,完,全,不,相,信,,,,,,
4079,但,事,实,就,是,如,此,,,,,,,
4083,永,别,人,世,,,,,,,,,,
4087,就,我,们,两,个,,,,,,,,,
4091,困,在,黑,暗,中,,,,,,,,,
4092,别,说,了,,,,,,,,,,,
4096,你,拒,绝,相,信,,,,,,,,,
4097,因,为,你,对,生,命,有,所,执,着,,,,
4101,着,迷,了,,,,,,,,,,,
4105,我,没,有,着,迷,,,,,,,,,
4106,所,以,觉,得,没,什,么,大,不,了,的,,,
4110,我,很,痛,,,,,,,,,,,
4111,不,可,能,,,,,,,,,,,
4115,拜,托,别,说,了,,,,,,,,,
4116,我,的,脸,都,还,有,感,觉,,,,,,
4120,那,只,是,回,忆,,,,,,,,,
4124,我,没,有,任,何,遗,憾,,,,,,,
4128,不,过,你,会,有,遗,憾,,,,,,,
4132,因,为,你,会,怀,念,做,爱,舞,蹈,和,松,饼,
4136,我,只,吃,过,一,个,松,饼,,,,,,
4140,所,以,我,不,会,悲,伤,,,,,,,
4144,你,常,常,照,镜,子,,,,,,,,
4145,所,以,会,永,远,怀,念,你,的,脸,孔,,,
4149,但,我,根,本,想,不,起,我,的,脸,孔,,,
4153,甚,至,说,不,出,来,我,长,怎,样,,,,
4157,你,有,很,长,的,淡,金,色,头,发,,,,
4161,别,说,了,,,,,,,,,,,
4162,浅,蓝,色,眼,睛,还,有,,,,,,,
4166,无,关,紧,要,了,,,,,,,,,
4167,还,有,白,晰,的,皮,肤,,,,,,,
4171,你,知,道,我,想,要,抢,劫,你,吗,,,,
4172,不,知,道,,,,,,,,,,,
4176,你,真,是,愚,蠢,的,小,笨,蛋,有,胸,无,脑,
4180,原,本,的,计,划,是,要,我,去,,,,,
4184,监,视,你,的,公,寓,,,,,,,,
4188,然,后,取,得,你,的,账,户,,,,,,
4192,你,们,还,好,吗,,,,,,,,,
4196,还,好,你,呢,,,,,,,,,,
4200,没,事,我,正,在,开,车,,,,,,,
4204,大,家,都,停,了,下,来,好,可,怕,,,,
4208,我,们,以,为,自,己,死,了,,,,,,
4209,我,没,有,这,样,想,,,,,,,,
4213,我,是,欧,多,利,欧,,,,,,,,
4217,非,常,高,兴,认,识,你,上,帝,保,佑,你,,
4221,我,没,有,信,教,,,,,,,,,
4225,我,也,没,有,,,,,,,,,,
4226,我,这,辈,子,从,没,说,过,这,样,的,话,,
4230,很,神,奇,吧,,,,,,,,,,
4234,这,就,是,大,地,震,了,吗,,,,,,
4235,不,是,吧,,,,,,,,,,,
4239,应,该,不,算,,,,,,,,,,
4240,是,吧,,,,,,,,,,,,
4244,就,是,这,样,谢,谢,,,,,,,,
4245,谢,谢,,,,,,,,,,,,
4249,这,样,很,蠢,,,,,,,,,,
4253,我,永,远,不,会,忘,记,你,,,,,,
4257,一,辈,子,记,得,,,,,,,,,
4261,还,有,这,辆,车,,,,,,,,,
4265,我,要,记,住,这,一,切,,,,,,,
4266,我,们,可,以,,,,,,,,,,
4270,你,们,还,好,吗,,,,,,,,,
4274,没,事,你,好,吗,,,,,,,,,
4275,我,没,事,,,,,,,,,,,
4279,这,栋,房,子,挺,耐,震,的,,,,,,
4283,二,十,四,小,时,营,业,的,店,,,,,
4284,当,然,要,防,患,未,然,,,,,,,
4288,店,里,的,东,西,你,都,吃,过,吗,,,,
4292,没,有,,,,,,,,,,,,
4296,如,果,我,在,这,里,工,作,就,会,吃,,,
4300,可,以,现,在,开,始,,,,,,,,
4304,你,可,以,全,部,吃,一,轮,,,,,,
4305,然,后,选,出,你,的,最,爱,,,,,,
4309,然,后,找,个,好,日,子,,,,,,,
4310,尽,情,享,用,你,最,爱,的,食,物,,,,
4314,如,果,我,在,这,里,工,作,就,会,这,样,做,
4318,你,是,应,征,上,的,吗,,,,,,,
4319,怎,么,进,来,的,,,,,,,,,
4323,要,接,受,特,训,上,课,还,是,,,,,
4327,恭,喜,请,进,,,,,,,,,,
4331,我,要,挤,爆,它,,,,,,,,,
4335,是,这,样,开,的,吧,,,,,,,,
4336,挤,爆,,,,,,,,,,,,
4340,一,共,元,分,,,,,,,,,,
4344,那,是,我,的,钱,,,,,,,,,
4348,其,实,我,没,有,要,买,,,,,,,
4352,我,要,放,回,去,吗,,,,,,,,
4356,我,要,走,了,我,要,离,开,了,,,,,
4360,我,完,全,,,,,,,,,,,
4364,我,什,么,都,不,记,得,了,,,,,,
4368,你,忘,记,要,抢,劫,我,了,吗,,,,,
4372,你,说,你,要,抢,我,,,,,,,,
4376,取,得,我,的,银,行,账,户,记,得,吗,,,
4380,我,胸,大,无,脑,,,,,,,,,
4384,那,不,是,真,的,,,,,,,,,
4388,你,不,相,信,我,吗,,,,,,,,
4392,我,相,信,你,,,,,,,,,,
4396,你,不,信,,,,,,,,,,,
4400,我,该,怎,么,做,我,要,如,何,,,,,
4404,我,刚,刚,关,静,音,我,没,事,妈,,,,
4408,你,没,事,就,好,,,,,,,,,
4409,对,我,没,事,,,,,,,,,,
4413,我,要,用,这,个,砸,烂,我,的,手,指,,,
4417,真,的,晃,很,大,,,,,,,,,
4418,我,说,真,的,,,,,,,,,,
4422,我,一,听,说,就,一,直,打,给,你,,,,
4426,对,不,起,,,,,,,,,,,
4427,我,心,脏,还,在,狂,跳,,,,,,,
4431,我,不,知,道,该,怎,么,办,,,,,,
4432,真,是,太,,,,,,,,,,,
4436,我,该,怎,么,做,,,,,,,,,
4437,我,好,想,要,抱,抱,,,,,,,,
4441,给,你,抱,抱,妈,妈,抱,歉,,,,,,
4442,我,该,怎,么,做,,,,,,,,,
4446,你,后,面,发,生,了,什,么,事,,,,,
4450,或,许,你,应,该,,,,,,,,,
4454,好,的,,,,,,,,,,,,
4458,谢,谢,您,耐,心,等,候,,,,,,,
4459,专,人,马,上,为,您,服,务,,,,,,
4463,不,会,有,人,接,所,以,,,,,,,
4467,你,不,想,跳,的,话,不,用,勉,强,,,,
4471,所,以,如,果,你,不,想,,,,,,,
4475,欧,多,利,欧,你,在,吗,,,,,,,
4479,我,们,打,了,好,几,通,你,都,没,接,,,
4483,大,地,震,终,于,发,生,了,,,,,,
4487,你,还,好,吗,,,,,,,,,,
4491,你,还,没,准,备,要,谈,也,没,关,系,,,
4495,别,打,扰,她,们,,,,,,,,,
4496,我,知,道,,,,,,,,,,,
4500,我,们,要,走,了,,,,,,,,,
4501,再,见,,,,,,,,,,,,
4505,生,日,快,乐,,,,,,,,,,
4506,我,们,的,乖,女,儿,十,四,岁,了,,,,
4510,生,日,快,乐,,,,,,,,,,
4511,乖,女,儿,一,岁,了,,,,,,,,
4515,零,岁,一,岁,二,岁,,,,,,,,
4519,三,岁,四,岁,五,岁,,,,,,,,
4523,六,七,八,九,十,十,一,,,,,,,
4527,十,二,十,三,十,四,,,,,,,,
4528,十,五,十,六,十,七,,,,,,,,
4532,十,八,岁,的,呢,,,,,,,,,
4536,不,可,能,他,们,只,是,,,,,,,
4540,我,知,道,他,们,有,目,的,,,,,,
4544,他,们,要,诈,骗,我,,,,,,,,
4548,生,日,快,乐,,,,,,,,,,
4549,我,们,的,乖,女,儿,十,八,岁,了,,,,
4553,诚,挚,邀,请,,,,,,,,,,
4557,他,们,要,带,我,去,吃,晚,餐,,,,,
4561,我,们,两,个,,,,,,,,,,
4565,在,梅,莉,丝,餐,厅,,,,,,,,
4569,庆,祝,我,的,十,八,岁,生,日,,,,,
4573,你,过,生,日,吗,,,,,,,,,
4577,不,是,我,二,十,六,岁,了,,,,,,
4581,不,要,去,,,,,,,,,,,
4582,我,必,须,去,,,,,,,,,,
4586,不,行,你,真,的,不,必,去,,,,,,
4590,那,就,把,钱,留,在,这,里,,,,,,
4594,以,防,他,们,,,,,,,,,,
4598,他,们,以,为,我,对,那,种,高,级,餐,厅,,
4599,一,无,所,知,,,,,,,,,,
4603,我,们,走,进,去,要,吓,得,他,们,惊,呼,,
4604,你,是,哪,位,,,,,,,,,,
4608,有,两,位,在,里,面,了,,,,,,,
4609,应,该,是,达,因,夫,妇,订,位,的,,,,
4613,他,们,可,能,迟,到,了,,,,,,,
4614,要,转,搭,三,班,公,车,才,会,到,,,,
4618,到,了,,,,,,,,,,,,
4622,我,比,较,喜,欢,坐,里,面,的,位,置,,,
4623,但,这,桌,也,可,以,,,,,,,,
4627,谢,谢,,,,,,,,,,,,
4631,你,们,要,先,点,饮,料,吗,,,,,,
4635,好,啊,,,,,,,,,,,,
4639,我,要,你,们,还,有,波,特,酒,吗,,,,
4643,寇,黑,塔,还,是,二,十,年,茶,色,,,,
4647,寇,黑,塔,,,,,,,,,,,
4651,我,呢,我,想,想,,,,,,,,,
4655,我,要,点,一,杯,,,,,,,,,
4659,歌,拉,科,吗,,,,,,,,,,
4663,还,是,算,了,水,就,好,,,,,,,
4667,那,不,是,帮,你,按,摩,的,女,人,吗,,,
4671,你,好,,,,,,,,,,,,
4675,疗,愈,的,技,艺,很,稳,定,的,职,业,,,
4679,人,们,经,常,身,体,酸,痛,,,,,,
4683,你,的,父,母,是,做,什,么,的,梅,兰,妮,,
4687,我,妈,从,事,房,地,产,,,,,,,
4691,罗,伯,特,以,前,,,,,,,,,
4692,我,发,行,过,房,仲,业,者,的,资,源,指,南,
4696,上,面,还,有,折,价,券,,,,,,,
4700,我,们,当,时,很,正,直,敢,言,,,,,
4704,但,说,实,话,那,时,候,我,们,,,,,
4708,那,是,艰,困,的,时,期,,,,,,,
4712,折,价,券,的,书,没,有,发,挥,作,用,,,
4716,我,们,因,应,时,代,而,改,变,,,,,
4720,以,前,每,个,人,都,这,样,,,,,,
4724,我,可,以,看,一,下,那,本,书,吗,,,,
4725,然,后,环,境,改,变,了,,,,,,,
4729,现,在,我,们,看,起,来,有,点,跟,不,上,时,代
4733,或,许,会,改,回,来,,,,,,,,
4737,可,以,退,货,喔,,,,,,,,,
4741,祝,你,生,日,快,乐,,,,,,,,
4745,祝,你,生,日,快,乐,,,,,,,,
4746,亲,爱,的,欧,多,利,欧,,,,,,,
4750,祝,你,生,日,快,乐,,,,,,,,
4754,三,十,六,小,时,之,前,我,抱,歉,,,,
4758,我,们,对,你,很,生,气,,,,,,,
4762,但,现,在,我,了,解,那,只,是,本,能,反,应,
4766,我,们,其,实,很,害,怕,那,只,是,恐,惧,,
4770,然,而,大,地,震,发,生,之,后,我,,,,
4774,这,好,难,,,,,,,,,,,
4778,我,不,擅,长,这,种,事,,,,,,,
4782,当,时,我,我,们,很,担,心,,,,,,
4786,我,们,认,为,你,没,事,,,,,,,
4787,但,如,果,你,死,了,,,,,,,,
4791,我,会,很,后,悔,没,有,,,,,,,
4795,没,有,好,好,让,你,感,受,到,,,,,
4799,因,为,我,不,知,道,,,,,,,,
4803,我,以,为,把,你,当,小,孩,对,待,,,,
4804,很,不,尊,重,,,,,,,,,,
4808,一,直,觉,得,那,样,很,不,真,诚,,,,
4812,我,以,为,我,们,有,共,识,,,,,,
4816,但,是,经,过,了,这,件,事,,,,,,
4820,我,一,心,只,想,着,要,捧,着,她,的,脸,,
4824,有,你,在,身,边,真,的,很,幸,运,,,,
4828,天,啊,,,,,,,,,,,,
4832,不,要,,,,,,,,,,,,
4836,我,们,真,的,很,幸,运,能,有,你,这,个,女,儿
4840,对,不,起,,,,,,,,,,,
4844,晚,安,亲,爱,的,女,儿,,,,,,,
4848,祝,你,有,个,美,梦,,,,,,,,
4852,到,了,早,上,如,果,你,要,的,话,,,,
4856,我,可,以,煎,松,饼,,,,,,,,
4860,明,天,是,星,期,五,支,票,,,,,,
4864,我,们,兑,现,了,但,没,有,花,掉,,,,
4865,别,担,心,房,租,,,,,,,,,
4869,我,们,是,父,母,我,们,会,处,理,,,,
4873,我,们,有,计,划,,,,,,,,,
4877,好,吧,,,,,,,,,,,,
4881,那,就,明,天,见,罗,,,,,,,,
4885,好,的,,,,,,,,,,,,
4889,如,果,钱,不,见,了,,,,,,,,
4893,表,示,他,们,本,性,难,改,,,,,,
4894,今,晚,也,全,是,谎,言,,,,,,,
4898,了,解,吗,,,,,,,,,,,
4902,但,如,果,钱,还,在,,,,,,,,
4906,表,示,这,是,真,的,,,,,,,,
4910,你,不,得,不,相,信,,,,,,,,
4914,等,等,,,,,,,,,,,,
4918,如,果,只,有,三,分,之,一,,,,,,
4922,元,,,,,,,,,,,,,
4926,那,代,表,,,,,,,,,,,
4930,他,们,虽,然,无,法,改,掉,本,性,,,,
4934,但,他,们,爱,我,而,且,,,,,,,
4938,祝,福,我,顺,利,,,,,,,,,
4942,都,还,在,,,,,,,,,,,
4946,明,天,你,起,床,之,前,我,可,能,就,离,开,了
4950,谢,谢,你,所,做,的,一,切,,,,,,
4954,真,的,,,,,,,,,,,,
4958,没,问,题,,,,,,,,,,,
4962,那,又,怎,么,样,,,,,,,,,
4966,商,品,退,货,,,,,,,,,,
4970,您,的,退,款,总,共,元,分,,,,,,
4974,谢,谢,观,赏,,,,,,,,,,
