,index,0,1,2,3,4,5,6,7,8,9,10,11,12,13,14,15
0,2,出,品,,,,,,,,,,,,,,
1,6,看,看,你,,,,,,,,,,,,,
2,10,坐,在,那,儿,,,,,,,,,,,,
3,14,觉,得,自,己,是,个,好,人,,,,,,,,
4,18,你,才,不,是,好,人,,,,,,,,,,
5,22,相,信,我,,,,,,,,,,,,,
6,26,现,实,中,就,没,有,好,人,,,,,,,,
7,30,我,以,前,也,像,你,一,样,,,,,,,,
8,34,认,为,努,力,工,作,和,公,平,竞,争,,,,,
9,38,就,会,带,来,成,功,和,幸,福,,,,,,,
10,42,不,会,的,,,,,,,,,,,,,
11,46,公,平,竞,争,就,是,个,笑,话,,,,,,,
12,50,是,有,钱,人,发,明,的,,,,,,,,,
13,51,好,让,我,们,这,些,穷,人,永,远,无,法,翻,身,,
14,55,而,我,一,直,很,穷,人,,,,,,,,,
15,59,这,招,可,骗,不,了,我,,,,,,,,,
16,63,因,为,这,个,世,界,上,只,存,在,两,种,人,,,
17,67,剥,削,别,人,的,人,,,,,,,,,,
18,71,和,被,剥,削,的,人,,,,,,,,,,
19,75,捕,食,者,和,猎,物,,,,,,,,,,
20,79,狮,子,和,绵,羊,,,,,,,,,,,
21,83,我,的,名,字,叫,玛,拉,葛,蕾,森,,,,,,
22,84,我,可,不,是,一,只,小,绵,羊,,,,,,,
23,88,我,是,一,头,母,狮,,,,,,,,,,
24,92,她,是,我,母,亲,,,,,,,,,,,
25,93,我,应,该,有,权,利,随,时,去,看,望,她,,,,
26,97,她,不,需,要,呆,在,疗,养,院,,,,,,,
27,101,她,不,需,要,法,院,指,派,的,监,护,人,,,,
28,105,她,有,一,个,好,儿,子,来,照,顾,她,,,,,
29,109,我,就,是,不,理,解,法,院,怎,么,可,以,,,,
30,110,把,我,母,亲,托,付,给,外,人,,,,,,,
31,114,葛,蕾,森,女,士,在,我,妈,妈,清,楚,表,达,了,,
32,115,拒,绝,的,意,愿,后,,,,,,,,,,
33,119,仍,然,强,制,她,进,入,疗,养,院,,,,,,
34,123,现,在,她,又,拍,卖,了,我,母,亲,的,房,子,,,
35,127,她,的,汽,车,她,的,私,人,物,品,,,,,,
36,131,然,后,她,用,这,笔,收,益,供,自,己,花,销,,,
37,135,现,在,葛,蕾,森,小,姐,完,全,禁,止,我,,,,
38,136,看,望,我,母,亲,,,,,,,,,,,
39,140,这,就,是,一,场,噩,梦,她,绑,架,了,我,母,亲,,
40,144,先,生,请,你,保,持,冷,静,,,,,,,,
41,148,玛,拉,葛,蕾,森,是,一,位,,,,,,,,
42,149,受,人,尊,敬,的,专,业,监,护,人,,,,,,
43,153,并,且,鉴,于,你,的,母,亲,不,能,自,理,,,,
44,157,她,由,本,法,庭,以,及,我,本,人,亲,自,任,命,,
45,161,在,最,大,程,度,上,维,护,你,母,亲,的,利,益,,
46,165,禁,止,儿,子,的,探,访,是,怎,么,,,,,,
47,166,在,最,大,程,度,上,维,护,我,母,亲,的,利,益,的,
48,170,葛,蕾,森,女,士,根,本,不,关,心,我,的,母,亲,,
49,174,对,不,起,法,官,大,人,我,能,发,言,吗,,,,
50,178,请,讲,葛,蕾,森,女,士,,,,,,,,,
51,182,费,尔,德,斯,托,姆,男,士,先,生,,,,,,
52,186,我,很,同,情,你,,,,,,,,,,,
53,190,但,是,法,庭,不,会,无,缘,无,故,委,托,我,的,,
54,194,你,的,母,亲,生,活,不,能,自,理,,,,,,
55,195,这,不,是,真,的,,,,,,,,,,,
56,199,医,生,已,经,诊,断,她,患,有,老,年,痴,呆,,,
57,200,费,尔,德,斯,托,姆,先,生,并,且,提,供,了,,,
58,204,建,议,立,刻,采,取,措,施,,,,,,,,
59,205,来,保,障,她,安,全,的,证,词,,,,,,,
60,209,你,本,来,有,足,够,的,时,间,,,,,,,
61,213,送,她,去,疗,养,院,或,者,带,她,去,你,家,,,
62,217,你,哪,个,都,没,有,做,,,,,,,,,
63,221,她,不,想,离,开,自,己,的,家,好,吗,,,,,
64,222,她,求,我,不,要,,,,,,,,,,,
65,226,你,不,能,按,照,她,的,意,愿,来,照,顾,她,,,
66,230,你,必,须,按,照,她,的,需,要,来,照,顾,,,,
67,234,这,就,是,为,什,么,我,比,她,的,家,人,,,,
68,235,更,适,合,照,料,她,,,,,,,,,,
69,239,因,为,我,不,会,牵,扯,个,人,利,益,进,来,,,
70,243,我,只,会,为,你,妈,妈,做,对,她,正,确,的,事,,
71,247,所,以,我,承,认,我,管,理,着,你,母,亲,的,财,产,
72,248,因,为,必,须,有,人,打,理,,,,,,,,
73,252,她,自,己,处,理,只,会,一,团,糟,,,,,,
74,256,并,且,我,必,须,支,付,她,的,疗,养,费,用,,,
75,260,所,以,我,承,认,我,监,管,了,,,,,,,
76,261,她,的,一,部,分,金,融,资,产,的,出,售,,,,
77,265,我,承,认,我,也,收,取,了,我,的,工,资,,,,
78,266,因,为,看,护,是,我,的,工,作,先,生,,,,,
79,270,这,是,我,的,职,业,,,,,,,,,,
80,274,这,就,是,我,一,直,在,做,的,,,,,,,
81,278,每,一,天,每,个,小,时,我,都,在,看,护,,,,
82,282,我,照,看,那,些,需,要,保,护,的,人,,,,,
83,286,保,护,他,们,不,受,冷,落,保,护,他,们,的,自,尊,
84,290,并,且,经,常,性,地,,,,,,,,,,
85,291,保,护,他,们,不,受,自,己,孩,子,的,伤,害,,,
86,295,喂,不,,,,,,,,,,,,,,
87,296,法,官,大,人,,,,,,,,,,,,
88,300,你,和,我,见,过,太,多,次,了,,,,,,,
89,304,子,女,们,宁,愿,让,自,己,的,父,母,缺,衣,少,食,
90,305,忍,受,病,痛,,,,,,,,,,,,
91,309,也,不,愿,意,动,用,他,们,已,经,视,为,遗,产,的,钱
92,313,来,支,付,必,要,的,看,护,费,用,,,,,,
93,317,费,尔,德,斯,特,伦,男,士,先,生,,,,,,
94,321,我,同,情,你,真,的,,,,,,,,,,
95,325,但,你,对,你,妈,妈,的,探,望,让,她,难,过,,,
96,329,上,次,你,去,看,望,的,时,候,,,,,,,
97,330,你,袭,击,了,一,位,工,作,人,员,,,,,,
98,334,并,且,蓄,意,破,环,了,接,待,区,域,,,,,
99,338,这,难,道,不,是,事,实,吗,,,,,,,,
100,342,那,个,,,,,,,,,,,,,,
101,346,法,官,大,人,我,认,为,,,,,,,,,
102,350,下,达,谢,绝,探,访,命,令,的,理,由,,,,,
103,351,已,经,非,常,充,分,,,,,,,,,,
104,355,这,个,法,庭,理,应,尽,全,力,保,护,和,帮,助,,
105,356,费,尔,德,斯,特,伦,女,士,,,,,,,,
106,360,而,她,儿,子,的,行,为,,,,,,,,,
107,364,正,在,损,害,我,们,在,这,场,斗,争,中,的,,,
108,365,全,部,努,力,,,,,,,,,,,,
109,369,我,同,意,命,令,执,行,,,,,,,,,
110,373,什,么,不,行,,,,,,,,,,,,
111,377,你,胜,诉,了,,,,,,,,,,,,
112,381,是,的,,,,,,,,,,,,,,
113,382,我,就,知,道,你,可,以,,,,,,,,,
114,386,喂,,,,,,,,,,,,,,,
115,390,臭,娘,们,儿,,,,,,,,,,,,
116,394,说,你,呢,,,,,,,,,,,,,
117,398,臭,娘,们,儿,,,,,,,,,,,,
118,399,我,觉,得,他,在,跟,你,说,话,,,,,,,
119,403,那,就,喊,我,名,字,啊,,,,,,,,,
120,404,婊,子,,,,,,,,,,,,,,
121,408,喂,你,就,不,怕,遭,报,应,吗,,,,,,,
122,412,我,们,的,生,活,都,被,毁,了,,,,,,,
123,416,我,只,是,在,完,成,我,的,工,作,,,,,,
124,420,你,他,妈,的,工,作,,,,,,,,,,
125,424,去,你,妈,的,,,,,,,,,,,,
126,425,喂,,,,,,,,,,,,,,,
127,429,我,祝,你,被,强,奸,我,祝,你,被,谋,杀,,,,
128,433,我,祝,你,不,得,好,死,,,,,,,,,
129,437,你,这,该,死,的,混,蛋,,,,,,,,,
130,441,活,够,了,吧,你,这,混,蛋,小,心,我,,,,,
131,445,因,为,我,是,女,的,你,是,不,是,更,憋,屈,了,,
132,449,竟,然,被,一,个,娘,们,搞,得,一,败,涂,地,,,
133,453,长,了,根,老,二,不,代,表,我,会,不,自,觉,地,怕,你
134,457,恰,恰,相,反,,,,,,,,,,,,
135,461,你,可,能,是,个,男,人,,,,,,,,,
136,465,但,如,果,你,敢,,,,,,,,,,,
137,469,再,威,胁,我,碰,我,或,者,冲,我,吐,痰,一,次,,
138,473,我,会,抓,住,你,的,鸡,巴,蛋,,,,,,,
139,477,然,后,我,会,把,它,们,连,根,扯,掉,,,,,
140,481,听,懂,了,吗,,,,,,,,,,,,
141,485,我,会,告,诉,你,妈,,,,,,,,,,
142,486,你,送,上,了,最,诚,挚,的,祝,福,,,,,,
143,490,葛,蕾,森,监,护,,,,,,,,,,,
144,494,谢,谢,,,,,,,,,,,,,,
145,498,柯,蒂,斯,,,,,,,,,,,,,
146,502,嗨,干,得,不,错,,,,,,,,,,,
147,506,你,又,做,到,了,,,,,,,,,,,
148,510,嗨,老,板,恭,喜,你,胜,诉,了,,,,,,,
149,514,谢,谢,艾,迪,现,在,几,点,了,,,,,,,
150,518,现,在,是,点,分,加,上,往,返,路,程,,,,,
151,519,差,不,多,用,了,个,多,小,时,,,,,,,
152,523,就,算,六,个,小,时,吧,,,,,,,,,
153,524,向,费,尔,德,斯,特,伦,的,账,户,收,费,收,全,价,
154,528,好,山,姆,莱,斯,打,过,电,话,叫,你,回,电,话,,
155,532,好,的,我,等,下,在,屋,里,打,,,,,,,
156,536,弗,兰,给,房,地,产,经,纪,人,打,个,电,话,,,
157,537,问,一,下,巴,特,尔,财,产,权,的,进,度,,,,
158,541,储,蓄,账,户,差,不,多,没,钱,了,,,,,,
159,545,下,个,月,就,不,够,公,司,开,销,了,,,,,
160,549,知,道,了,,,,,,,,,,,,,
161,553,费,尔,德,斯,特,伦,,,,,,,,,,
162,557,接,通,山,姆,,,,,,,,,,,,
163,561,山,姆,你,好,吗,,,,,,,,,,,
164,565,嗨,我,很,好,玛,拉,你,怎,么,样,,,,,,
165,569,努,力,工,作,努,力,玩,耍,,,,,,,,
166,573,了,不,起,,,,,,,,,,,,,
167,574,你,打,过,电,话,,,,,,,,,,,
168,578,对,我,有,消,息,要,告,诉,你,,,,,,,
169,582,好,消,息,还,是,坏,消,息,,,,,,,,
170,586,都,有,,,,,,,,,,,,,,
171,590,你,的,受,监,护,人,艾,伦,李,维,特,,,,,
172,591,在,我,们,巴,克,夏,奥,克,斯,这,个,分,院,,,
173,595,他,刚,刚,死,了,,,,,,,,,,,
174,599,什,么,,,,,,,,,,,,,,
175,603,艾,伦,今,天,早,上,走,的,抱,歉,,,,,,
176,607,不,艾,伦,莱,维,特,真,的,吗,,,,,,,
177,611,怎,么,死,的,,,,,,,,,,,,
178,612,中,风,很,严,重,,,,,,,,,,,
179,616,但,他,很,年,轻,啊,,,,,,,,,,
180,620,刚,刚,六,十,九,岁,零,三,个,月,大,,,,,
181,624,天,啊,,,,,,,,,,,,,,
182,628,艾,伦,,,,,,,,,,,,,,
183,632,该,死,他,才,在,我,们,这,儿,半,年,,,,,
184,636,我,以,为,他,至,少,还,能,再,支,撑,我,们,五,年,
185,640,该,死,我,现,在,必,须,把,他,变,现,了,,,,
186,641,把,所,有,事,情,推,给,他,的,继,承,人,,,,
187,645,真,是,太,浪,费,了,,,,,,,,,,
188,649,也,许,他,觉,得,你,人,不,错,,,,,,,
189,650,把,你,写,进,遗,嘱,里,呢,,,,,,,,
190,654,才,怪,,,,,,,,,,,,,,
191,658,所,以,好,消,息,是,什,么,,,,,,,,
192,662,因,为,艾,伦,的,悲,痛,离,去,,,,,,,
193,663,我,们,现,在,有,空,位,了,,,,,,,,
194,667,他,的,房,间,,,,,,,,,,,,
195,671,那,是,转,角,的,豪,华,房,,,,,,,,
196,672,是,的,,,,,,,,,,,,,,
197,676,先,等,我,一,会,儿,,,,,,,,,,
198,680,玛,拉,你,不,是,城,里,唯,一,的,玩,家,,,,
199,681,我,这,儿,还,有,候,补,名,单,呢,,,,,,
200,685,去,他,的,候,补,名,单,多,少,钱,,,,,,
201,689,每,周,两,千,直,到,有,人,住,为,止,,,,,
202,693,两,千,美,元,上,次,是,五,百,美,元,,,,,
203,697,如,果,你,不,交,钱,别,人,会,的,,,,,,
204,701,去,你,的,山,姆,好,吧,两,千,美,元,,,,,
205,705,谢,了,山,姆,,,,,,,,,,,,
206,709,不,客,气,玛,拉,,,,,,,,,,,
207,713,怎,么,了,,,,,,,,,,,,,
208,717,你,懂,的,,,,,,,,,,,,,
209,721,好,好,开,车,,,,,,,,,,,,
210,725,马,上,回,来,,,,,,,,,,,,
211,726,嗨,佩,特,拉,,,,,,,,,,,,
212,730,凯,伦,医,生,正,在,等,我,,,,,,,,
213,734,艾,伦,莱,维,特,该,死,,,,,,,,,
214,738,抱,歉,我,还,以,为,他,会,很,长,寿,,,,,
215,742,我,知,道,所,以,我,们,现,在,,,,,,,
216,743,正,在,市,场,上,寻,找,新,客,户,,,,,,
217,747,有,谁,适,合,我,们,吗,,,,,,,,,
218,751,我,的,确,想,摆,脱,掉,几,个,人,,,,,,
219,755,那,几,个,难,伺,候,的,混,蛋,,,,,,,
220,759,但,是,有,一,个,我,一,直,想,跟,你,说,的,人,,
221,763,我,一,直,在,调,查,她,,,,,,,,,
222,764,而,且,我,觉,得,她,也,许,是,,,,,,,
223,768,不,会,吧,,,,,,,,,,,,,
224,772,我,都,不,想,说,出,来,,,,,,,,,
225,773,肥,羊,,,,,,,,,,,,,,
226,777,是,的,也,许,吧,我,觉,得,是,,,,,,,
227,781,别,逗,我,,,,,,,,,,,,,
228,785,告,诉,我,细,节,,,,,,,,,,,
229,789,拜,托,玛,拉,,,,,,,,,,,,
230,793,我,不,能,免,费,送,你,一,个,肥,羊,,,,,
231,794,我,需,要,一,些,回,报,,,,,,,,,
232,798,你,在,金,光,护,理,院,有,股,份,对,吧,,,,
233,802,对,我,们,有,些,股,份,,,,,,,,,
234,806,让,我,也,分,一,杯,羹,,,,,,,,,
235,810,拜,托,我,在,帮,你,挣,大,钱,,,,,,,
236,814,但,是,我,几,乎,没,挣,到,什,么,,,,,,
237,818,让,我,尝,尝,甜,头,,,,,,,,,,
238,822,成,交,,,,,,,,,,,,,,
239,826,但,她,必,须,是,真,的,肥,羊,要,讲,诚,信,,,
240,830,詹,妮,弗,彼,得,森,,,,,,,,,,
241,834,她,的,身,体,相,当,健,康,,,,,,,,
242,838,但,在,最,近,,,,,,,,,,,,
243,839,她,出,现,一,些,失,忆,和,糊,涂,的,症,状,,,
244,843,严,重,吗,,,,,,,,,,,,,
245,847,不,严,重,但,是,我,们,可,以,操,纵,这,点,,,
246,848,举,行,一,场,按,我,们,的,方,式,进,行,的,听,审,
247,852,她,没,有,子,女,没,有,丈,夫,,,,,,,
248,856,没,有,在,世,的,家,人,,,,,,,,,
249,860,一,个,都,没,有,,,,,,,,,,,
250,864,她,有,很,可,观,的,保,险,,,,,,,,
251,868,她,告,诉,我,她,以,前,在,芝,加,哥,做,金,融,工,作
252,869,然,后,搬,到,这,里,退,休,,,,,,,,
253,873,能,给,我,一,份,副,本,吗,,,,,,,,
254,877,当,然,,,,,,,,,,,,,,
255,881,除,了,她,的,检,查,结,果,那,样,可,不,太,道,德,
256,885,当,然,了,,,,,,,,,,,,,
257,889,詹,妮,弗,彼,得,森,年,月,日,生,人,,,,,
258,893,她,住,在,沙,尔,克,罗,斯,的,威,廉,姆,斯,街,号,
259,897,这,是,一,个,不,错,的,社,区,,,,,,,
260,901,价,格,昂,贵,,,,,,,,,,,,
261,905,她,七,年,前,买,了,这,栋,住,房,,,,,,
262,906,完,全,拥,有,产,权,,,,,,,,,,
263,910,信,用,极,佳,没,有,丝,毫,不,良,记,录,,,,
264,914,没,有,债,务,没,有,犯,罪,记,录,,,,,,
265,918,从,未,结,婚,,,,,,,,,,,,
266,922,她,在,同,一,家,公,司,工,作,了,四,十,年,,,
267,926,转,身,踢,腿,,,,,,,,,,,,
268,930,她,的,退,休,应,该,是,公,司,进,行,了,裁,员,,
269,934,清,偿,了,债,务,,,,,,,,,,,
270,938,现,在,她,坐,在,一,窝,金,蛋,上,,,,,,
271,942,像,只,肥,得,流,油,的,鹅,,,,,,,,
272,946,看,看,这,个,,,,,,,,,,,,
273,950,她,的,税,收,报,表,,,,,,,,,,
274,954,上,面,显,示,她,有,三,个,单,独,的,储,蓄,账,户,
275,958,都,在,替,她,赚,取,高,额,利,息,,,,,,
276,962,她,喜,欢,白,天,去,看,电,影,,,,,,,
277,966,她,经,常,读,书,喜,欢,园,艺,,,,,,,
278,970,就,是,你,常,对,付,的,那,种,老,太,太,,,,
279,974,她,正,坐,在,一,堆,钞,票,上,,,,,,,
280,978,她,有,钱,独,立,有,文,化,,,,,,,,
281,982,这,位,女,士,简,直,就,是,我,的,英,雄,啊,,,
282,986,凯,伦,,,,,,,,,,,,,,
283,990,我,是,玛,拉,,,,,,,,,,,,
284,994,开,始,动,詹,妮,弗,彼,得,森,吧,,,,,,
285,998,你,会,得,到,你,想,要,的,股,份,,,,,,
286,1002,彼,得,森,女,士,经,常,犯,糊,涂,,,,,,
287,1006,并,且,表,现,出,记,忆,和,自,理,困,难,的,问,题,
288,1010,她,的,行,动,能,力,受,损,,,,,,,,
289,1014,她,不,能,够,充,分,地,照,顾,自,己,,,,,
290,1018,我,相,信,如,果,她,独,自,留,在,自,己,家,中,,
291,1019,会,处,于,高,危,状,态,,,,,,,,,
292,1023,她,没,有,家,人,吗,,,,,,,,,,
293,1027,除,了,我,们,没,有,人,会,照,顾,她,,,,,
294,1031,这,太,糟,糕,了,可,怜,的,女,人,,,,,,
295,1035,好,吧,葛,蕾,森,小,姐,,,,,,,,,
296,1039,你,觉,得,你,能,收,她,为,你,的,被,监,护,人,吗,
297,1043,我,知,道,你,需,要,照,顾,的,人,已,经,有,很,多,了
298,1047,可,以,法,官,大,人,,,,,,,,,,
299,1048,如,果,你,需,要,我,去,照,顾,她,的,话,,,,
300,1052,我,可,以,照,顾,她,,,,,,,,,,
301,1056,谢,谢,你,玛,拉,,,,,,,,,,,
302,1060,监,护,人,证,书,,,,,,,,,,,
303,1064,彼,得,森,女,士,我,叫,玛,拉,葛,蕾,森,,,,
304,1068,我,和,你,的,主,治,医,师,,,,,,,,
305,1069,凯,伦,艾,莫,斯,一,起,合,作,,,,,,,
306,1073,我,能,和,你,谈,两,分,钟,吗,,,,,,,
307,1077,早,上,好,彼,得,森,女,士,,,,,,,,
308,1078,我,很,抱,歉,这,么,早,打,扰,你,,,,,,
309,1082,你,是,位,医,生,吗,,,,,,,,,,
310,1086,不,女,士,我,,,,,,,,,,,,
311,1090,我,能,给,你,看,看,这,个,吗,,,,,,,
312,1094,我,需,要,去,拿,我,的,老,花,镜,马,上,就,回,来,
313,1098,我,不,确,定,这,是,什,么,东,西,,,,,,
314,1102,这,是,法,院,命,令,女,士,,,,,,,,
315,1106,法,院,命,令,,,,,,,,,,,,
316,1110,但,是,这,跟,我,有,什,么,关,系,,,,,,
317,1114,这,是,你,的,名,字,对,吧,,,,,,,,
318,1118,詹,妮,弗,彼,得,森,你,的,出,生,日,期,,,,
319,1119,你,的,社,保,号,码,,,,,,,,,,
320,1123,和,这,个,地,址,,,,,,,,,,,
321,1127,我,的,天,啊,是,我,做,错,了,什,么,吗,,,,
322,1131,没,有,女,士,这,是,为,了,帮,助,你,,,,,
323,1135,法,院,在,医,生,的,指,导,下,已,经,裁,定,,,
324,1139,你,需,要,协,助,才,能,照,顾,好,自,己,,,,
325,1143,法,院,已,经,委,派,我,做,你,的,法,定,监,护,人,
326,1147,什,么,我,不,,,,,,,,,,,,
327,1151,当,我,们,无,法,充,分,照,顾,自,己,的,时,候,,
328,1155,国,家,会,介,入,进,来,提,供,帮,助,,,,,
329,1159,有,人,受,苦,的,时,候,我,们,不,能,坐,视,不,管,
330,1163,我,没,有,受,苦,,,,,,,,,,,
331,1167,我,很,好,我,再,好,不,过,了,,,,,,,
332,1171,我,不,需,要,帮,助,,,,,,,,,,
333,1175,恐,怕,这,不,是,我,或,者,你,来,决,定,的,,,
334,1179,法,院,已,经,做,出,裁,定,认,为,你,需,要,帮,助,
335,1183,而,作,为,你,的,法,定,监,护,人,,,,,,
336,1184,确,保,你,无,论,什,么,时,候,,,,,,,
337,1188,都,受,到,充,分,地,照,料,是,我,的,职,责,所,在,
338,1192,让,我,告,诉,你,吧,我,从,没,上,过,法,庭,,,
339,1196,这,是,我,第,一,次,听,说,法,院,找,我,,,,
340,1200,在,紧,急,情,况,下,法,庭,可,以,在,,,,,
341,1204,潜,在,监,护,人,未,到,场,的,情,况,下,开,庭,,
342,1208,难,以,置,信,,,,,,,,,,,,
343,1212,女,士,你,必,须,跟,我,走,,,,,,,,
344,1216,我,哪,儿,也,不,去,,,,,,,,,,
345,1220,这,是,法,院,的,命,令,如,果,你,拒,绝,执,行,,
346,1224,恐,怕,会,有,一,些,麻,烦,,,,,,,,
347,1228,我,的,天,,,,,,,,,,,,,
348,1232,如,果,你,觉,得,有,什,么,误,会,,,,,,
349,1233,请,向,法,庭,报,告,申,请,一,场,听,审,,,,
350,1237,但,是,现,在,,,,,,,,,,,,
351,1238,我,还,是,建,议,你,暂,时,跟,我,去,一,趟,,,
352,1242,我,为,你,找,到,的,疗,养,所,,,,,,,
353,1243,如,果,你,觉,得,有,什,么,误,会,,,,,,
354,1247,我,们,可,以,在,那,里,解,决,,,,,,,
355,1251,这,位,是,弗,朗,西,丝,她,会,帮,你,收,拾,行,李,
356,1255,早,上,好,很,高,兴,认,识,你,,,,,,,
357,1259,我,不,敢,相,信,会,发,生,这,种,事,,,,,
358,1260,完,全,没,事,的,,,,,,,,,,,
359,1264,别,碰,我,,,,,,,,,,,,,
360,1265,我,很,抱,歉,,,,,,,,,,,,
361,1269,别,碰,我,,,,,,,,,,,,,
362,1273,家,里,很,漂,亮,彼,得,森,女,士,,,,,,
363,1277,交,给,我,吧,,,,,,,,,,,,
364,1281,我,会,监,督,维,护,你,的,房,产,,,,,,
365,1282,直,到,你,自,己,能,处,理,,,,,,,,
366,1286,我,们,走,吧,我,们,只,想,确,保,,,,,,
367,1290,你,的,财,产,能,被,安,全,地,维,护,,,,,
368,1294,谢,谢,你,柯,蒂,斯,,,,,,,,,,
369,1298,安,全,带,,,,,,,,,,,,,
370,1302,玛,拉,情,况,如,何,了,,,,,,,,,
371,1303,她,是,不,是,不,肯,就,范,,,,,,,,
372,1307,没,她,收,拾,好,行,李,就,跟,我,们,走,了,,,
373,1311,这,些,人,基,本,不,会,反,抗,,,,,,,
374,1315,他,们,看,到,官,方,文,件,和,警,察,,,,,
375,1316,就,会,乖,乖,跟,我,们,走,了,,,,,,,
376,1320,换,我,的,话,可,不,会,乖,乖,就,范,,,,,
377,1324,是,的,你,说,过,,,,,,,,,,,
378,1328,但,是,本,质,上,我,们,大,多,数,都,很,,,,
379,1329,软,弱,温,顺,胆,小,,,,,,,,,,
380,1333,确,实,你,听,说,过,米,尔,格,拉,姆,实,验,吗,,
381,1337,现,在,别,聊,这,个,山,姆,,,,,,,,
382,1338,我,们,已,经,在,送,她,过,去,了,,,,,,
383,1342,好,吧,,,,,,,,,,,,,,
384,1346,山,姆,我,们,接,待,她,要,上,全,套,戏,码,,,
385,1350,收,到,,,,,,,,,,,,,,
386,1354,巴,克,夏,奥,克,斯,老,年,人,之,家,,,,,
387,1358,未,经,许,可,不,得,入,内,,,,,,,,
388,1362,欢,迎,到,家,,,,,,,,,,,,
389,1366,进,来,吧,,,,,,,,,,,,,
390,1370,我,都,忘,了,房,间,有,多,大,了,,,,,,
391,1371,是,啊,,,,,,,,,,,,,,
392,1375,怎,么,不,坐,呢,,,,,,,,,,,
393,1379,这,样,就,有,家,的,感,觉,了,,,,,,,
394,1383,他,们,知,道,你,所,有,的,健,康,状,况,,,,
395,1384,所,有,你,要,吃,的,药,,,,,,,,,
396,1388,不,用,担,心,他,们,会,照,顾,好,一,切,的,,,
397,1392,如,果,你,需,要,我,任,何,时,候,都,可,以,,,
398,1396,不,管,是,白,天,还,是,晚,上,,,,,,,
399,1397,说,一,声,就,行,好,吗,,,,,,,,,
400,1401,你,有,手,机,吗,,,,,,,,,,,
401,1405,解,锁,吧,我,会,存,上,我,的,号,码,,,,,
402,1409,如,果,你,需,要,打,电,话,,,,,,,,
403,1413,说,一,声,就,行,好,吗,,,,,,,,,
404,1417,现,在,彼,得,森,小,姐,,,,,,,,,
405,1418,我,想,说,我,很,荣,幸,能,成,为,你,的,监,护,人,
406,1422,请,记,住,我,是,你,这,边,的,,,,,,,
407,1426,我,是,来,帮,你,的,,,,,,,,,,
408,1430,山,姆,你,要,像,对,待,女,王,那,样,,,,,
409,1431,对,待,这,位,女,士,你,听,见,了,吗,,,,,
410,1435,她,想,要,什,么,都,行,,,,,,,,,
411,1436,当,然,了,,,,,,,,,,,,,
412,1440,保,重,彼,得,森,女,士,我,们,会,很,快,再,见,的,
413,1444,我,们,这,边,还,有,东,西,,,,,,,,
414,1448,仅,限,授,权,人,员,通,过,,,,,,,,
415,1452,能,开,门,吗,我,想,透,透,气,,,,,,,
416,1456,你,得,往,那,边,走,,,,,,,,,,
417,1457,我,只,是,想,透,透,气,,,,,,,,,
418,1461,能,开,下,门,让,我,透,透,气,吗,,,,,,
419,1465,你,得,回,去,那,边,,,,,,,,,,
420,1466,为,什,么,,,,,,,,,,,,,
421,1470,我,需,要,你,回,到,休,息,区,,,,,,,
422,1474,你,能,拿,一,下,这,个,吗,,,,,,,,
423,1478,待,售,,,,,,,,,,,,,,
424,1482,谢,谢,这,是,我,的,荣,幸,,,,,,,,
425,1486,拍,卖,编,号,,,,,,,,,,,,
426,1490,四,十,五,号,这,位,男,士,,,,,,,,
427,1494,布,莱,顿,房,地,产,拍,卖,,,,,,,,
428,1498,成,交,,,,,,,,,,,,,,
429,1502,我,喜,欢,你,的,翘,臀,,,,,,,,,
430,1506,嗨,,,,,,,,,,,,,,,
431,1510,不,知,道,能,否,请,你,帮,我,一,下,,,,,
432,1511,我,需,要,用,一,下,我,的,手,机,,,,,,
433,1515,你,能,帮,我,找,一,下,吗,,,,,,,,
434,1519,彼,得,森,女,士,为,了,我,们,贵,宾,的,安,全,,
435,1520,手,机,会,被,放,置,到,保,险,的,地,方,,,,
436,1524,我,的,手,机,不,会,伤,害,到,你,的,,,,,
437,1528,我,们,的,原,则,是,要,经,过,你,的,监,护,人,,
438,1532,不,我,不,需,要,我,的,监,护,人,你,知,道,吗,,
439,1536,我,可,以,打,给,,,,,,,,,,,
440,1537,我,能,和,负,责,人,谈,谈,吗,,,,,,,
441,1541,莱,斯,先,生,现,在,没,时,间,见,你,,,,,
442,1545,莱,斯,先,生,就,在,这,儿,,,,,,,,
443,1546,但,是,他,没,时,间,见,我,,,,,,,,
444,1550,莱,斯,先,生,,,,,,,,,,,,
445,1551,喂,女,士,,,,,,,,,,,,,
446,1555,冷,静,,,,,,,,,,,,,,
447,1556,别,碰,我,,,,,,,,,,,,,
448,1560,我,需,要,你,冷,静,下,来,,,,,,,,
449,1561,你,们,为,什,么,要,这,样,碰,我,,,,,,
450,1565,我,理,解,,,,,,,,,,,,,
451,1566,我,很,冷,静,,,,,,,,,,,,
452,1570,离,我,远,点,儿,,,,,,,,,,,
453,1571,冷,静,,,,,,,,,,,,,,
454,1575,不,别,让,他,们,那,样,对,我,,,,,,,
455,1576,彼,得,森,女,士,我,希,望,你,冷,静,下,来,,,
456,1580,布,莱,顿,信,托,银,行,,,,,,,,,
457,1584,授,权,批,准,资,金,发,放,,,,,,,,
458,1588,好,了,,,,,,,,,,,,,,
459,1592,这,是,你,们,银,行,某,个,保,险,柜,的,钥,匙,吗,
460,1596,德,国,马,克,,,,,,,,,,,,
461,1600,接,彼,得,森,女,士,的,出,租,,,,,,,
462,1604,她,已,经,不,住,这,里,了,,,,,,,,
463,1608,什,么,,,,,,,,,,,,,,
464,1612,她,搬,走,了,,,,,,,,,,,,
465,1616,彼,得,森,小,姐,搬,走,了,,,,,,,,
466,1620,我,弄,错,了,,,,,,,,,,,,
467,1624,谢,谢,,,,,,,,,,,,,,
468,1628,麻,烦,问,一,下,谁,给,你,打,电,话,的,,,,
469,1632,麻,烦,问,一,下,,,,,,,,,,,
470,1636,靠,,,,,,,,,,,,,,,
471,1640,先,生,就,他,自,己,,,,,,,,,,
472,1644,她,去,哪,儿,了,,,,,,,,,,,
473,1648,她,不,在,家,里,,,,,,,,,,,
474,1652,你,准,时,到,那,儿,了,,,,,,,,,
475,1653,是,的,先,生,,,,,,,,,,,,
476,1657,不,可,能,,,,,,,,,,,,,
477,1661,七,年,来,她,从,来,没,有,错,过,约,定,的,见,面,
478,1665,那,房,子,装,修,了,,,,,,,,,,
479,1669,房,子,已,经,被,清,理,了,,,,,,,,
480,1673,前,门,外,面,挂,着,待,售,的,标,志,,,,,
481,1677,里,面,有,人,他,们,在,刷,墙,,,,,,,
482,1681,我,跟,一,个,,,,,,,,,,,,
483,1682,拿,着,布,料,样,品,的,女,人,说,话,她,说,,,
484,1686,她,已,经,不,在,那,里,住,了,,,,,,,
485,1690,我,没,明,白,,,,,,,,,,,,
486,1694,里,面,都,是,谁,她,现,在,在,哪,儿,,,,,
487,1698,我,不,知,道,我,直,接,来,的,这,里,,,,,
488,1702,你,明,明,知,道,这,对,我,有,多,重,要,,,,
489,1706,也,没,想,着,去,问,问,吗,,,,,,,,
490,1710,你,没,想,过,要,了,解,一,下,基,本,情,况,吗,,
491,1714,先,生,如,果,我,,,,,,,,,,,
492,1718,求,你,了,先,生,,,,,,,,,,,
493,1722,求,你,了,,,,,,,,,,,,,
494,1726,我,想,我,可,以,趁,着,别,人,,,,,,,
495,1730,你,搞,砸,了,亚,历,克,西,,,,,,,,
496,1734,我,非,常,爱,我,的,妈,妈,,,,,,,,
497,1738,而,这,种,日,子,这,种,我,们,偶,尔,,,,,
498,1742,一,起,度,过,的,几,天,日,子,,,,,,,
499,1743,是,对,我,的,赐,福,,,,,,,,,,
500,1747,是,的,先,生,当,然,了,,,,,,,,,
501,1751,所,以,你,去,找,到,她,,,,,,,,,
502,1752,然,后,把,她,带,到,我,这,儿,,,,,,,
503,1756,立,刻,,,,,,,,,,,,,,
504,1760,没,问,题,好,的,先,生,,,,,,,,,
505,1764,然,后,我,打,开,了,袋,子,,,,,,,,
506,1765,你,猜,里,面,是,什,么,,,,,,,,,
507,1769,钻,石,,,,,,,,,,,,,,
508,1773,很,多,钻,石,,,,,,,,,,,,
509,1777,纯,裸,钻,,,,,,,,,,,,,
510,1781,这,是,她,保,险,箱,的,保,单,,,,,,,
511,1785,她,列,出,了,黄,金,首,饰,债,券,,,,,,
512,1789,但,是,没,有,钻,石,,,,,,,,,,
513,1793,她,给,六,百,美,元,的,手,表,买,了,保,险,,,
514,1797,但,是,没,保,几,百,万,美,元,的,钻,石,,,,
515,1801,你,觉,得,它,们,是,被,偷,来,的,,,,,,
516,1805,有,可,能,,,,,,,,,,,,,
517,1809,她,看,起,来,不,像,那,种,人,,,,,,,
518,1813,别,被,老,人,给,骗,了,,,,,,,,,
519,1817,即,使,是,虐,待,狂,和,无,耻,的,混,蛋,也,会,变,老
520,1821,但,你,落,下,了,重,点,,,,,,,,,
521,1825,重,点,是,这,些,钻,石,不,是,公,开,存,在,的,,
522,1829,所,以,,,,,,,,,,,,,,
523,1833,没,人,会,惦,记,它,们,,,,,,,,,
524,1837,你,想,偷,走,它,们,,,,,,,,,,
525,1838,不,,,,,,,,,,,,,,,
526,1842,我,想,改,变,保,管,它,们,的,位,置,,,,,
527,1843,存,放,一,段,时,间,,,,,,,,,,
528,1847,看,看,会,发,生,什,么,,,,,,,,,
529,1851,有,事,,,,,,,,,,,,,,
530,1855,抱,歉,先,生,我,可,以,晚,点,再,过,来,,,,
531,1859,你,找,到,我,妈,妈,了,吗,,,,,,,,
532,1863,算,是,吧,,,,,,,,,,,,,
533,1867,她,在,一,所,养,老,院,里,,,,,,,,
534,1871,出,售,,,,,,,,,,,,,,
535,1875,据,我,目,前,所,知,先,生,我,无,法,进,去,,,
536,1879,先,生,最,后,一,批,毒,骡,今,天,早,上,到,了,,
537,1883,运,送,过,程,中,有,损,失,吗,,,,,,,
538,1887,三,个,,,,,,,,,,,,,,
539,1891,我,们,会,在,梅,德,菲,尔,德,的,房,子,那,儿,,
540,1892,从,他,们,手,里,拿,到,货,,,,,,,,
541,1896,那,是,我,要,的,奶,昔,吗,,,,,,,,
542,1900,我,没,明,白,,,,,,,,,,,,
543,1904,她,把,自,己,送,进,了,养,老,院,,,,,,
544,1908,不,是,,,,,,,,,,,,,,
545,1912,她,是,被,法,院,命,令,送,去,的,,,,,,
546,1916,她,现,在,是,政,府,的,被,监,护,人,了,,,,
547,1920,你,妈,妈,的,医,生,,,,,,,,,,
548,1921,认,为,她,没,有,能,力,照,顾,自,己,,,,,
549,1925,这,不,是,纯,属,胡,扯,嘛,,,,,,,,
550,1929,是,啊,先,生,,,,,,,,,,,,
551,1933,所,以,怎,么,会,这,样,呢,,,,,,,,
552,1937,玛,拉,葛,蕾,森,,,,,,,,,,,
553,1941,我,认,为,这,是,她,干,的,,,,,,,,
554,1942,她,是,你,母,亲,的,监,护,人,,,,,,,
555,1946,她,现,在,完,全,接,管,了,,,,,,,,
556,1947,你,母,亲,的,人,生,和,财,产,,,,,,,
557,1951,操,,,,,,,,,,,,,,,
558,1955,打,给,迪,恩,,,,,,,,,,,,
559,1959,把,我,妈,妈,带,出,那,个,养,老,院,,,,,
560,1960,保,障,她,的,安,全,,,,,,,,,,
561,1964,要,在,暗,中,解,决,,,,,,,,,,
562,1968,解,决,得,合,法,且,干,脆,一,点,,,,,,
563,1969,别,把,我,牵,扯,进,去,,,,,,,,,
564,1973,好,的,先,生,,,,,,,,,,,,
565,1977,不,,,,,,,,,,,,,,,
566,1981,照,片,留,下,,,,,,,,,,,,
567,1985,玛,拉,葛,蕾,森,很,高,兴,认,识,你,,,,,
568,1989,迪,恩,埃,里,克,森,,,,,,,,,,
569,1993,他,说,他,有,预,约,但,他,不,在,名,单,里,,,
570,1997,请,允,许,我,占,用,你,五,分,钟,的,时,间,,,
571,1998,这,非,常,重,要,,,,,,,,,,,
572,2002,你,可,以,占,用,两,分,钟,,,,,,,,
573,2006,办,公,室,真,漂,亮,,,,,,,,,,
574,2010,很,有,格,调,,,,,,,,,,,,
575,2014,这,些,都,是,你,的,被,监,护,人,,,,,,
576,2018,我,有,什,么,可,以,效,劳,的,,,,,,,
577,2019,埃,里,克,森,先,生,,,,,,,,,,
578,2023,身,上,担,着,这,么,多,人,的,责,任,,,,,
579,2024,你,一,定,忙,得,不,可,开,交,吧,,,,,,
580,2028,我,可,以,想,象,到,文,书,工,作,有,多,繁,重,,
581,2032,请,坐,有,话,直,说,吧,,,,,,,,,
582,2036,我,是,一,位,律,师,,,,,,,,,,
583,2037,我,不,需,要,律,师,,,,,,,,,,
584,2041,我,代,理,詹,妮,弗,彼,得,森,,,,,,,
585,2045,真,的,吗,,,,,,,,,,,,,
586,2049,是,的,我,觉,得,存,在,着,什,么,误,会,,,,
587,2053,你,看,我,的,客,户,非,常,有,能,力,照,顾,自,己,
588,2057,她,不,需,要,像,你,这,样,的,一,位,监,护,人,,
589,2061,当,然,了,我,并,不,是,在,表,达,不,满,,,,
590,2065,我,确,定,你,为,彼,得,森,女,士,,,,,,
591,2066,提,供,了,绝,对,优,秀,的,看,护,服,务,,,,
592,2070,但,是,实,际,情,况,是,,,,,,,,,
593,2071,她,既,不,需,要,也,不,想,要,你,的,看,护,,,
594,2075,她,自,己,一,个,人,很,好,,,,,,,,
595,2079,她,打,给,你,了,,,,,,,,,,,
596,2083,什,么,,,,,,,,,,,,,,
597,2084,她,在,疗,养,院,里,打,电,话,给,你,了,,,,
598,2088,她,打,了,,,,,,,,,,,,,
599,2092,你,上,次,见,她,是,什,么,时,候,,,,,,
600,2096,不,久,之,前,,,,,,,,,,,,
601,2097,那,是,多,久,,,,,,,,,,,,
602,2101,就,几,周,吧,,,,,,,,,,,,
603,2102,几,周,呢,两,周,三,周,四,周,,,,,,,
604,2106,三,周,也,许,四,周,三,周,,,,,,,,
605,2110,她,很,好,她,再,好,不,过,了,,,,,,,
606,2114,她,大,多,数,时,间,比,我,还,更,健,康,更,专,注,
607,2118,恐,怕,这,就,解,释,得,通,了,,,,,,,
608,2122,两,周,前,詹,妮,弗,的,健,康,出,现,了,,,,
609,2123,严,重,恶,化,,,,,,,,,,,,
610,2127,她,出,现,了,记,忆,衰,退,,,,,,,,
611,2128,这,是,老,年,痴,呆,的,表,现,,,,,,,
612,2132,而,她,的,医,生,非,常,担,心,她,,,,,,
613,2136,她,向,法,院,寻,求,紧,急,帮,助,,,,,,
614,2140,这,都,是,瞎,掰,的,葛,蕾,森,女,士,,,,,
615,2144,你,清,楚,我,也,清,楚,,,,,,,,,
616,2148,如,果,医,生,真,的,写,了,批,条,,,,,,
617,2149,那,他,也,很,清,楚,,,,,,,,,,
618,2153,她,,,,,,,,,,,,,,,
619,2157,什,么,,,,,,,,,,,,,,
620,2158,她,医,生,是,位,女,士,,,,,,,,,
621,2162,好,,,,,,,,,,,,,,,
622,2166,现,在,,,,,,,,,,,,,,
623,2170,我,知,道,你,在,玩,什,么,,,,,,,,
624,2171,我,了,解,你,的,游,戏,你,的,强,取,豪,夺,,,
625,2175,是,吗,,,,,,,,,,,,,,
626,2176,我,知,道,,,,,,,,,,,,,
627,2180,老,实,说,这,是,个,好,办,法,,,,,,,
628,2184,你,看,到,了,机,会,就,抓,住,了,,,,,,
629,2188,看,看,你,墙,上,挂,的,这,些,摇,钱,树,,,,
630,2192,不,断,地,往,你,的,账,户,里,送,钱,,,,,
631,2193,简,直,日,进,斗,金,,,,,,,,,,
632,2197,你,干,得,很,好,我,不,是,来,毁,你,生,意,的,,
633,2201,你,能,继,续,榨,干,这,群,又,穷,又,脆,弱,的,人,
634,2202,我,很,为,你,开,心,,,,,,,,,,
635,2206,你,干,得,越,久,越,好,,,,,,,,,
636,2210,天,啊,如,果,你,的,事,业,不,是,美,国,梦,的,,
637,2214,完,美,案,例,,,,,,,,,,,,
638,2218,我,就,不,知,道,什,么,才,是,了,,,,,,
639,2222,但,是,詹,妮,弗,彼,得,森,不,行,,,,,,
640,2223,没,人,可,以,碰,她,,,,,,,,,,
641,2227,我,理,解,我,明,白,你,为,什,么,瞄,准,了,她,,
642,2231,我,只,是,按,照,医,生,的,建,议,做,的,,,,
643,2232,是,啊,当,然,,,,,,,,,,,,
644,2236,我,们,暂,且,认,为,是,这,样,,,,,,,
645,2237,但,是,她,的,医,生,误,诊,了,,,,,,,
646,2241,听,懂,了,吗,他,抱,歉,她,搞,砸,了,,,,,
647,2245,詹,妮,弗,需,要,尽,快,脱,离,你,的,看,护,,,
648,2249,你,需,要,让,那,个,女,医,生,再,写,一,封,信,,
649,2253,说,詹,妮,弗,完,全,康,复,了,,,,,,,
650,2257,并,且,不,再,需,要,受,到,监,护,人,的,照,顾,了,
651,2261,我,为,什,么,要,这,样,做,,,,,,,,
652,2265,这,个,嘛,,,,,,,,,,,,,
653,2269,我,能,想,到,两,个,理,由,,,,,,,,
654,2273,第,一,这,样,做,是,正,确,的,,,,,,,
655,2274,不,过,我,猜,这,对,你,来,说,毫,无,意,义,,,
656,2278,第,二,因,为,她,有,几,个,,,,,,,,
657,2279,可,以,让,你,过,不,得,舒,服,的,,,,,,
658,2283,很,有,权,势,的,朋,友,,,,,,,,,
659,2287,极,度,地,不,开,心,不,舒,服,,,,,,,
660,2291,这,是,威,胁,吗,,,,,,,,,,,
661,2295,不,这,只,是,你,需,要,知,道,的,背,景,资,料,,
662,2299,能,有,多,不,舒,服,,,,,,,,,,
663,2303,极,度,残,忍,的,不,舒,服,,,,,,,,
664,2307,然,后,最,终,,,,,,,,,,,,
665,2311,好,吧,,,,,,,,,,,,,,
666,2315,这,样,说,吧,你,就,再,也,感,受,不,到,,,,
667,2319,舒,服,还,是,不,舒,服,了,,,,,,,,
668,2323,因,为,我,会,死,吗,,,,,,,,,,
669,2324,什,么,,,,,,,,,,,,,,
670,2328,我,没,这,么,说,,,,,,,,,,,
671,2332,但,每,个,人,都,会,死,对,吧,,,,,,,
672,2336,只,不,过,有,人,死,的,早,了,点,,,,,,
673,2340,以,一,种,更,可,怕,痛,苦,的,方,式,死,去,,,
674,2344,你,为,谁,工,作,,,,,,,,,,,
675,2348,詹,妮,弗,彼,得,,,,,,,,,,,
676,2349,骗,人,,,,,,,,,,,,,,
677,2353,不,好,意,思,,,,,,,,,,,,
678,2354,骗,人,,,,,,,,,,,,,,
679,2358,詹,妮,弗,没,从,疗,养,院,给,你,打,电,话,,,
680,2362,你,以,为,我,会,蠢,到,让,我,的,新,被,监,护,人,
681,2363,轻,易,拿,到,能,打,通,的,电,话,,,,,,
682,2367,我,从,她,的,文,件,里,得,知,她,的,律,师,是,,
683,2371,处,理,家,庭,法,的,本,地,人,不,是,你,,,,
684,2375,你,是,一,条,,,,,,,,,,,,
685,2379,想,威,胁,我,的,恶,鲨,,,,,,,,,
686,2380,我,想,知,道,是,谁,雇,了,你,,,,,,,
687,2384,让,她,脱,离,你,的,监,护,,,,,,,,
688,2385,不,迪,恩,,,,,,,,,,,,,
689,2389,我,不,觉,得,我,会,这,样,做,,,,,,,
690,2393,我,以,为,没,必,要,用,这,招,呢,,,,,,
691,2397,这,是,十,五,万,美,元,现,金,,,,,,,
692,2401,出,手,真,大,方,,,,,,,,,,,
693,2405,你,放,她,走,这,就,都,是,你,的,,,,,,
694,2409,你,知,道,我,怎,么,想,吗,迪,恩,,,,,,
695,2413,如,果,你,谈,判,的,开,场,白,是,十,五,万,美,元,
696,2417,那,么,对,于,派,你,来,的,人,来,说,,,,,
697,2418,詹,妮,弗,彼,得,森,的,价,值,,,,,,,
698,2422,要,远,远,超,过,这,个,价,值,,,,,,,
699,2426,我,可,以,涨,到,二,十,五,万,,,,,,,
700,2430,这,样,吧,,,,,,,,,,,,,
701,2434,五,百,万,,,,,,,,,,,,,
702,2438,三,开,头,的,吧,,,,,,,,,,,
703,2439,三,亿,,,,,,,,,,,,,,
704,2443,三,十,万,,,,,,,,,,,,,
705,2447,这,是,最,终,报,价,,,,,,,,,,
706,2451,迪,恩,我,有,着,法,律,责,任,,,,,,,
707,2455,詹,妮,弗,彼,得,森,需,要,我,的,保,护,,,,
708,2459,我,怎,么,能,抛,弃,她,呢,,,,,,,,
709,2463,你,是,在,拒,绝,吗,,,,,,,,,,
710,2467,我,是,在,拒,绝,,,,,,,,,,,
711,2471,我,在,说,不,行,谢,谢,,,,,,,,,
712,2475,在,接,下,来,的,几,天,里,,,,,,,,
713,2479,你,会,在,脑,海,中,一,次,又,一,次,地,,,,
714,2480,回,想,这,次,对,话,,,,,,,,,,
715,2484,并,且,会,希,望,你,做,出,了,不,同,的,选,择,,
716,2488,现,在,看,看,你,所,拥,有,的,吧,,,,,,
717,2489,蒸,蒸,日,上,的,生,意,,,,,,,,,
718,2493,员,工,,,,,,,,,,,,,,
719,2497,一,张,漂,亮,的,脸,蛋,还,没,折,的,骨,头,,,
720,2501,性,命,,,,,,,,,,,,,,
721,2505,等,这,件,事,结,束,你,就,不,会,有,这,些,了,,
722,2509,一,个,都,不,剩,,,,,,,,,,,
723,2513,这,是,最,后,的,机,会,,,,,,,,,
724,2517,再,见,迪,恩,,,,,,,,,,,,
725,2521,你,出,去,之,后,柯,蒂,斯,会,帮,你,取,车,,,
726,2525,我,往,回,查,过,了,,,,,,,,,,
727,2526,她,一,直,到,她,出,生,证,明,的,记,录,,,,
728,2530,我,在,她,的,一,生,中,找,不,到,,,,,,
729,2531,我,们,值,得,畏,惧,的,人,,,,,,,,
730,2535,那,这,个,律,师,是,谁,,,,,,,,,
731,2539,也,许,他,知,道,钻,石,的,事,,,,,,,
732,2540,对,我,也,是,这,个,看,法,,,,,,,,
733,2544,也,许,他,指,望,着,我,们,呢,,,,,,,
734,2545,他,害,怕,我,们,找,到,那,些,钻,石,,,,,
735,2549,也,许,你,应,该,接,受,那,些,现,金,,,,,
736,2553,然,后,放,弃,我,们,有,史,以,来,最,好,的,机,会,
737,2557,如,果,他,说,的,是,真,的,该,怎,么,办,,,,
738,2561,关,于,什,么,,,,,,,,,,,,
739,2562,关,于,威,胁,,,,,,,,,,,,
740,2566,你,知,道,我,被,男,人,威,胁,过,多,少,次,吗,,
741,2570,几,千,次,,,,,,,,,,,,,
742,2574,你,知,道,我,有,多,少,次,,,,,,,,
743,2575,真,正,遇,到,麻,烦,了,吗,,,,,,,,
744,2579,两,次,,,,,,,,,,,,,,
745,2583,他,威,胁,我,因,为,那,是,他,唯,一,能,做,的,了,
746,2587,你,无,法,让,一,个,女,人,做,你,希,望,的,事,情,
747,2591,还,同,时,骂,她,是,婊,子,威,胁,要,杀,了,她,,
748,2595,我,不,怕,他,,,,,,,,,,,,
749,2599,好,吧,,,,,,,,,,,,,,
750,2603,那,你,想,怎,样,,,,,,,,,,,
751,2607,我,要,去,找,总,有,解,决,办,法,的,人,谈,谈,,
752,2611,她,怎,么,样,了,,,,,,,,,,,
753,2615,她,来,了,之,后,一,直,很,不,安,定,,,,,
754,2619,他,们,都,是,这,样,的,,,,,,,,,
755,2623,是,但,是,她,尤,其,强,烈,,,,,,,,
756,2627,医,生,不,得,不,给,她,注,射,药,物,,,,,
757,2628,来,让,她,安,静,两,次,了,,,,,,,,
758,2632,她,在,游,戏,室,但,我,必,须,警,告,你,,,,
759,2636,我,们,没,办,法,只,能,给,她,打,了,镇,定,剂,,
760,2637,所,以,她,可,能,还,没,过,药,劲,,,,,,
761,2641,我,今,天,要,展,示,给,你,们,,,,,,,
762,2642,它,用,普,通,的,芝,士,,,,,,,,,
763,2646,詹,妮,弗,,,,,,,,,,,,,
764,2650,你,感,觉,怎,么,样,,,,,,,,,,
765,2654,我,为,什,么,会,认,识,你,,,,,,,,
766,2658,我,是,你,的,监,护,人,玛,拉,,,,,,,
767,2662,谢,天,谢,地,我,需,要,帮,助,,,,,,,
768,2663,我,需,要,我,的,手,机,,,,,,,,,
769,2667,打,给,谁,,,,,,,,,,,,,
770,2671,什,么,,,,,,,,,,,,,,
771,2672,你,需,要,打,给,谁,,,,,,,,,,
772,2676,为,什,么,,,,,,,,,,,,,
773,2680,詹,妮,弗,你,认,识,一,个,,,,,,,,
774,2681,叫,迪,恩,埃,里,克,森,的,人,吗,,,,,,
775,2685,谁,什,么,,,,,,,,,,,,,
776,2686,迪,恩,,,,,,,,,,,,,,
777,2690,迪,恩,埃,里,克,森,你,认,识,他,吗,,,,,
778,2694,迪,恩,,,,,,,,,,,,,,
779,2698,不,我,不,认,识,,,,,,,,,,,
780,2699,不,认,识,,,,,,,,,,,,,
781,2703,他,说,他,为,你,工,作,他,说,他,是,位,律,师,,
782,2707,律,师,,,,,,,,,,,,,,
783,2711,他,看,着,很,贵,吗,,,,,,,,,,
784,2715,这,个,嘛,,,,,,,,,,,,,
785,2719,是,吧,我,想,,,,,,,,,,,,
786,2723,今,天,几,号,,,,,,,,,,,,
787,2727,十,五,号,,,,,,,,,,,,,
788,2731,八,号,在,上,周,,,,,,,,,,,
789,2735,没,错,,,,,,,,,,,,,,
790,2739,现,在,你,有,麻,烦,了,,,,,,,,,
791,2743,真,的,吗,为,什,么,,,,,,,,,,
792,2747,是,的,他,要,来,了,,,,,,,,,,
793,2751,谁,迪,恩,,,,,,,,,,,,,
794,2755,不,是,,,,,,,,,,,,,,
795,2759,他,要,来,了,,,,,,,,,,,,
796,2763,谁,,,,,,,,,,,,,,,
797,2767,你,就,等,着,吧,,,,,,,,,,,
798,2771,詹,妮,弗,你,是,谁,,,,,,,,,,
799,2775,打,了,好,多,药,,,,,,,,,,,
800,2779,药,我,没,法,思,考,了,,,,,,,,,
801,2783,告,诉,我,你,是,谁,,,,,,,,,,
802,2787,告,诉,我,,,,,,,,,,,,,
803,2791,你,知,道,我,有,打,开,你,保,险,箱,的,权,限,,
804,2795,我,知,道,里,面,有,什,么,,,,,,,,
805,2799,书,里,面,,,,,,,,,,,,,
806,2803,有,个,袋,子,,,,,,,,,,,,
807,2807,告,诉,我,你,是,谁,,,,,,,,,,
808,2811,你,是,个,强,盗,,,,,,,,,,,
809,2815,不,我,是,你,的,监,护,人,,,,,,,,
810,2819,你,是,我,的,监,护,人,强,盗,,,,,,,
811,2823,告,诉,我,你,是,谁,詹,妮,弗,,,,,,,
812,2827,告,诉,我,,,,,,,,,,,,,
813,2831,我,是,你,犯,下,的,最,严,重,的,失,误,,,,
814,2835,告,诉,我,,,,,,,,,,,,,
815,2839,手,机,,,,,,,,,,,,,,
816,2843,告,诉,我,,,,,,,,,,,,,
817,2847,你,不,肯,把,我,的,手,机,还,我,,,,,,
818,2851,你,不,让,我,离,开,这,个,地,方,,,,,,
819,2855,我,是,什,么,都,不,会,说,的,,,,,,,
820,2859,听,我,说,,,,,,,,,,,,,
821,2860,什,么,都,不,会,,,,,,,,,,,
822,2864,我,控,制,着,你,的,药,物,你,的,食,物,,,,
823,2868,你,的,舒,适,与,否,,,,,,,,,,
824,2872,你,的,一,切,,,,,,,,,,,,
825,2876,是,我,不,是,你,,,,,,,,,,,
826,2880,是,我,,,,,,,,,,,,,,
827,2881,对,,,,,,,,,,,,,,,
828,2885,我,可,以,让,你,的,一,切,变,得,很,糟,,,,
829,2889,你,听,到,我,说,的,了,,,,,,,,,
830,2893,是,吗,,,,,,,,,,,,,,
831,2894,是,啊,,,,,,,,,,,,,,
832,2898,那,就,来,啊,你,个,小,王,八,犊,子,,,,,
833,2902,放,马,过,来,吧,,,,,,,,,,,
834,2906,不,好,意,思,,,,,,,,,,,,
835,2910,玛,拉,葛,蕾,森,,,,,,,,,,,
836,2914,我,最,爱,的,女,士,,,,,,,,,,
837,2918,山,姆,我,想,让,你,调,整,,,,,,,,
838,2919,詹,妮,弗,彼,得,森,的,日,程,,,,,,,
839,2923,请,讲,,,,,,,,,,,,,,
840,2927,把,她,的,关,节,炎,和,止,痛,类,药,物,,,,
841,2928,减,少,至,最,低,,,,,,,,,,,
842,2932,把,她,的,体,育,锻,炼,升,到,第,四,等,级,,,
843,2936,玛,拉,,,,,,,,,,,,,,
844,2940,晚,上,九,点,给,她,上,兴,奋,剂,,,,,,
845,2941,然,后,白,天,打,镇,静,剂,,,,,,,,
846,2945,只,给,她,吃,基,础,食,物,套,餐,,,,,,
847,2949,没,有,固,体,食,物,只,有,麦,片,和,汤,,,,
848,2953,没,有,游,戏,没,有,电,视,,,,,,,,
849,2957,每,天,只,允,许,离,开,她,的,房,间,三,十,分,钟,
850,2961,你,确,定,吗,,,,,,,,,,,,
851,2965,我,非,常,确,定,,,,,,,,,,,
852,2969,好,,,,,,,,,,,,,,,
853,2973,多,谢,了,山,姆,,,,,,,,,,,
854,2977,布,莱,顿,信,托,银,行,,,,,,,,,
855,2981,法,官,大,人,詹,妮,弗,彼,得,森,最,近,,,,
856,2982,在,违,背,意,愿,的,情,况,下,,,,,,,
857,2986,被,送,进,了,疗,养,院,,,,,,,,,
858,2990,她,被,这,个,女,人,丢,在,那,儿,,,,,,
859,2994,她,虚,伪,地,宣,称,詹,妮,弗,有,着,健,康,问,题,
860,2998,而,实,际,上,她,当,时,状,态,非,常,好,,,,
861,3002,你,是,哪,位,先,生,,,,,,,,,,
862,3003,我,从,没,在,这,儿,见,过,你,,,,,,,
863,3007,迪,恩,埃,里,克,森,法,官,大,人,,,,,,
864,3008,这,些,都,是,我,的,同,事,,,,,,,,
865,3012,我,仅,代,表,詹,妮,弗,彼,得,森,的,利,益,,,
866,3016,我,是,来,挽,救,缺,席,的,正,义,,,,,,
867,3020,你,是,在,说,我,应,该,对,,,,,,,,
868,3021,正,义,的,缺,席,负,责,,,,,,,,,
869,3025,不,是,有,意,的,法,官,大,人,您,被,欺,骗,了,,
870,3029,我,的,委,托,人,没,有,被,邀,请,参,加,初,审,听,审
871,3033,也,没,请,代,理,人,,,,,,,,,,
872,3037,这,对,紧,急,听,审,来,说,非,常,正,常,,,,
873,3041,但,这,个,案,子,里,不,存,在,紧,急,情,况,,,
874,3045,这,是,被,葛,蕾,森,女,士,虚,构,出,来,,,,
875,3049,为,了,不,让,詹,妮,弗,出,席,并,欺,瞒,法,院,,
876,3053,我,有,一,份,来,自,,,,,,,,,,
877,3057,曾,跟,随,艾,莫,斯,医,生,实,习,的,,,,,
878,3058,前,雇,员,的,证,词,,,,,,,,,,
879,3062,能,够,证,明,,,,,,,,,,,,
880,3066,葛,蕾,森,女,士,和,艾,莫,斯,医,生,,,,,
881,3067,经,常,在,病,例,上,串,通,,,,,,,,
882,3071,来,钻,这,个,体,系,的,空,子,,,,,,,
883,3075,我,引,用,证,词,,,,,,,,,,,
884,3079,无,论,他,们,是,否,需,要,监,护,人,,,,,
885,3083,凯,伦,都,会,把,棘,手,的,病,人,卖,给,玛,拉,,
886,3087,然,后,夸,大,病,人,症,状,,,,,,,,
887,3088,来,控,制,法,庭,的,宣,判,,,,,,,,
888,3092,法,官,大,人,,,,,,,,,,,,
889,3096,这,种,做,法,太,无,耻,了,,,,,,,,
890,3100,法,官,我,可,以,发,言,吗,,,,,,,,
891,3104,菲,奥,娜,雅,各,布,斯,是,你,的,证,人,,,,
892,3108,是,的,她,是,雇,员,之,一,是,的,,,,,,
893,3112,法,官,你,是,知,道,菲,奥,娜,记,恨,凯,伦,的,,
894,3116,她,不,是,一,个,公,正,的,证,人,,,,,,
895,3120,菲,奥,娜,对,凯,伦,一,直,怀,有,积,怨,,,,
896,3124,因,为,凯,伦,曾,因,她,工,作,差,劲,开,除,了,她,
897,3128,凯,伦,开,除,她,也,可,能,是,因,为,,,,,
898,3132,她,要,掩,盖,你,们,行,为,的,真,正,本,质,,,
899,3136,我,认,识,菲,奥,娜,她,确,实,工,作,差,劲,,,
900,3140,法,官,我,能,再,次,质,询,,,,,,,,
901,3141,为,什,么,詹,妮,弗,今,天,又,没,出,席,吗,,,
902,3145,詹,妮,弗,身,体,抱,恙,,,,,,,,,
903,3149,她,无,法,出,庭,而,且,我,已,经,递,交,了,,,
904,3153,她,的,医,生,提,供,的,,,,,,,,,
905,3154,证,明,此,事,实,的,相,关,文,件,,,,,,
906,3158,还,有,我,被,拒,绝,和,她,有,任,何,接,触,法,官,
907,3162,就,像,是,葛,蕾,森,小,姐,有,意,阻,止,我,接,近,她
908,3166,你,有,拒,绝,他,探,访,吗,玛,拉,,,,,,
909,3170,你,不,能,阻,止,律,师,与,他,的,客,户,接,触,,
910,3174,法,官,这,个,人,自,称,是,她,的,律,师,,,,
911,3178,他,无,法,出,示,任,何,有,关,证,明,,,,,
912,3179,没,有,合,同,也,没,有,订,金,,,,,,,
913,3183,他,只,是,突,然,出,现,在,我,的,办,公,室,里,,
914,3184,制,造,威,胁,和,控,告,,,,,,,,,
915,3188,法,官,大,人,你,和,我,都,,,,,,,,
916,3189,不,止,一,次,见,到,过,无,良,律,师,,,,,
917,3193,为,了,老,人,们,辛,苦,挣,来,的,钱,,,,,
918,3194,寻,求,办,法,利,用,他,们,,,,,,,,
919,3198,我,想,这,就,是,为,什,么,埃,里,克,森,先,生,想,要
920,3199,彼,得,森,小,姐,脱,离,我,的,保,护,,,,,
921,3203,那,跟,现,在,的,情,况,恰,恰,相,反,,,,,
922,3207,先,生,你,能,提,供,任,何,书,面,文,件,,,,
923,3211,来,证,明,你,是,彼,得,森,女,士,的,律,师,吗,,
924,3215,如,果,我,能,接,触,到,她,,,,,,,,
925,3216,我,保,证,她,会,签,约,聘,请,,,,,,,
926,3220,所,以,詹,妮,弗,彼,得,森,还,没,,,,,,
927,3221,雇,佣,你,做,她,的,律,师,,,,,,,,
928,3225,我,代,表,相,关,人,士,,,,,,,,,
929,3229,代,表,非,常,担,心,詹,妮,弗,的,人,,,,,
930,3233,担,心,这,个,人,一,直,以,来,,,,,,,
931,3234,对,詹,妮,弗,的,残,暴,对,待,,,,,,,
932,3238,那,这,些,相,关,人,士,是,谁,,,,,,,
933,3239,我,无,权,透,露,,,,,,,,,,,
934,3243,他,们,是,希,望,保,持,匿,名,的,,,,,,
935,3244,彼,得,森,女,士,的,朋,友,,,,,,,,
936,3248,先,生,我,们,一,直,在,绕,圈,子,,,,,,
937,3252,要,么,给,我,看,一,下,能,证,明,,,,,,
938,3256,你,是,彼,得,森,女,士,律,师,的,文,件,,,,
939,3260,要,么,你,带,这,些,相,关,人,士,过,来,,,,
940,3264,参,加,听,审,并,让,他,们,代,表,自,己,发,言,,
941,3268,不,过,现,在,呢,埃,里,克,森,先,生,,,,,
942,3272,你,要,终,止,监,护,关,系,的,请,求,被,驳,回,了,
943,3276,先,生,,,,,,,,,,,,,,
944,3280,听,着,,,,,,,,,,,,,,
945,3284,好,吧,这,是,家,事,法,庭,,,,,,,,
946,3288,好,吗,那,个,法,官,就,是,个,混,蛋,,,,,
947,3292,他,是,个,白,痴,他,根,本,不,懂,法,律,,,,
948,3293,就,连,他,开,的,车,都,不,上,档,次,,,,,
949,3297,别,说,了,,,,,,,,,,,,,
950,3301,闭,嘴,,,,,,,,,,,,,,
951,3305,去,他,妈,的,,,,,,,,,,,,
952,3309,早,上,好,,,,,,,,,,,,,
953,3313,早,上,好,我,叫,威,尔,特,史,密,斯,,,,,
954,3317,他,们,是,我,的,兄,弟,托,尼,和,查,德,,,,
955,3321,我,今,早,和,你,们,的,经,理,,,,,,,
956,3325,莱,斯,先,生,约,了,一,次,设,施,的,参,观,,,
957,3329,太,好,了,我,会,帮,你,打,电,话,叫,他,的,,,
958,3330,谢,谢,,,,,,,,,,,,,,
959,3334,史,密,斯,先,生,,,,,,,,,,,
960,3335,史,密,斯,先,生,,,,,,,,,,,
961,3339,好,的,,,,,,,,,,,,,,
962,3343,玛,拉,,,,,,,,,,,,,,
963,3347,她,去,世,了,,,,,,,,,,,,
964,3351,谁,,,,,,,,,,,,,,,
965,3355,詹,妮,弗,彼,得,森,去,世,了,,,,,,,
966,3359,什,么,,,,,,,,,,,,,,
967,3363,什,么,时,候,,,,,,,,,,,,
968,3367,在,年,,,,,,,,,,,,,,
969,3371,当,她,三,个,月,零,九,天,大,的,时,候,,,,
970,3372,死,于,小,儿,麻,痹,,,,,,,,,,
971,3376,那,个,我,们,关,着,的,女,人,玛,拉,,,,,
972,3377,不,是,詹,妮,弗,彼,得,森,,,,,,,,
973,3381,她,窃,取,了,一,个,死,去,孩,子,的,身,份,信,息,
974,3385,你,可,以,看,到,我,们,有,,,,,,,,
975,3389,来,看,看,这,个,,,,,,,,,,,
976,3393,小,儿,麻,痹,再,次,夺,走,生,命,,,,,,
977,3397,我,在,旧,报,纸,上,找,到,了,,,,,,,
978,3398,那,个,死,去,女,孩,的,讣,告,,,,,,,
979,3402,当,然,了,我,们,还,有,,,,,,,,,
980,3406,最,好,的,医,护,人,员,和,现,场,设,施,,,,
981,3410,那,么,还,有,什,么,问,题,吗,,,,,,,
982,3414,其,实,有,一,个,,,,,,,,,,,
983,3418,我,父,亲,有,个,朋,友,住,在,这,儿,,,,,
984,3422,我,们,想,看,看,能,否,打,声,招,呼,,,,,
985,3426,这,对,我,们,很,重,要,,,,,,,,,
986,3427,当,然,了,叫,什,么,名,字,,,,,,,,
987,3431,詹,妮,弗,彼,得,森,,,,,,,,,,
988,3435,有,什,么,问,题,吗,,,,,,,,,,
989,3439,不,行,,,,,,,,,,,,,,
990,3443,詹,妮,弗,身,体,不,舒,服,她,在,休,息,,,,
991,3447,我,们,会,很,快,的,,,,,,,,,,
992,3448,我,们,答,应,过,父,亲,希,望,你,能,理,解,,,
993,3452,当,然,了,问,题,是,詹,妮,弗,的,监,护,人,规,定,
994,3456,她,只,接,守,预,约,过,的,探,访,者,,,,,
995,3460,真,奇,怪,她,听,着,有,点,像,囚,犯,,,,,
996,3461,而,不,是,来,宾,,,,,,,,,,,
997,3465,不,,,,,,,,,,,,,,,
998,3469,不,是,的,,,,,,,,,,,,,
999,3473,这,样,吧,不,如,,,,,,,,,,,
1000,3474,我,为,你,接,通,詹,妮,弗,的,监,护,人,,,,
1001,3478,然,后,看,看,我,能,做,什,么,吧,,,,,,
1002,3482,好,,,,,,,,,,,,,,,
1003,3486,喂,你,们,把,他,怎,么,了,,,,,,,,
1004,3490,我,去,,,,,,,,,,,,,,
1005,3491,来,人,救,救,莱,斯,先,生,,,,,,,,
1006,3495,找,到,她,去,啊,,,,,,,,,,,
1007,3499,救,命,,,,,,,,,,,,,,
1008,3500,杰,瑞,,,,,,,,,,,,,,
1009,3504,该,死,,,,,,,,,,,,,,
1010,3508,封,锁,大,楼,,,,,,,,,,,,
1011,3512,那,我,们,关,的,是,谁,,,,,,,,,
1012,3516,我,不,知,道,但,这,种,被,窃,取,身,份,的,手,段,
1013,3517,非,常,高,明,,,,,,,,,,,,
1014,3521,包,括,护,照,驾,照,工,作,关,系,,,,,,
1015,3525,能,回,溯,年,的,纳,税,纪,录,,,,,,,
1016,3529,他,们,洗,刷,了,,,,,,,,,,,
1017,3530,真,正,詹,妮,弗,彼,得,森,的,所,有,痕,迹,,,
1018,3534,包,括,她,的,死,亡,证,明,,,,,,,,
1019,3538,玛,拉,葛,蕾,森,,,,,,,,,,,
1020,3542,对,,,,,,,,,,,,,,,
1021,3546,靠,,,,,,,,,,,,,,,
1022,3550,我,现,在,就,过,去,,,,,,,,,,
1023,3554,詹,妮,弗,,,,,,,,,,,,,
1024,3558,女,士,,,,,,,,,,,,,,
1025,3562,女,士,,,,,,,,,,,,,,
1026,3566,查,德,,,,,,,,,,,,,,
1027,3570,谢,谢,,,,,,,,,,,,,,
1028,3574,女,士,,,,,,,,,,,,,,
1029,3578,趴,下,,,,,,,,,,,,,,
1030,3582,女,士,,,,,,,,,,,,,,
1031,3586,有,人,吗,,,,,,,,,,,,,
1032,3590,闪,开,,,,,,,,,,,,,,
1033,3594,快,闪,开,,,,,,,,,,,,,
1034,3598,总,算,等,到,你,了,,,,,,,,,,
1035,3602,开,门,,,,,,,,,,,,,,
1036,3603,你,不,想,这,样,的,,,,,,,,,,
1037,3607,开,门,,,,,,,,,,,,,,
1038,3611,听,好,了,,,,,,,,,,,,,
1039,3615,我,已,经,做,好,把,你,们,全,杀,了,,,,,
1040,3616,然,后,离,开,的,准,备,,,,,,,,,
1041,3620,你,们,准,备,好,为,了,阻,止,我,而,送,死,了,吗,
1042,3624,我,就,知,道,,,,,,,,,,,,
1043,3628,谢,谢,,,,,,,,,,,,,,
1044,3632,就,在,这,边,女,士,,,,,,,,,,
1045,3636,嗨,,,,,,,,,,,,,,,
1046,3640,别,他,妈,碰,我,,,,,,,,,,,
1047,3641,那,边,,,,,,,,,,,,,,
1048,3645,去,你,的,,,,,,,,,,,,,
1049,3649,抓,到,你,了,,,,,,,,,,,,
1050,3650,不,不,行,,,,,,,,,,,,,
1051,3654,是,啊,假,期,结,束,了,,,,,,,,,
1052,3658,走,吧,,,,,,,,,,,,,,
1053,3662,武,器,已,缴,,,,,,,,,,,,
1054,3663,手,举,起,来,转,身,,,,,,,,,,
1055,3667,你,叫,什,么,名,字,,,,,,,,,,
1056,3671,你,为,什,么,要,绑,架,那,个,老,太,太,,,,
1057,3675,想,打,个,电,话,吗,,,,,,,,,,
1058,3679,想,吃,个,甜,甜,圈,吗,,,,,,,,,
1059,3683,他,还,不,知,道,但,我,们,在,系,统,里,,,,
1060,3684,搜,到,了,他,他,已,经,进,去,过,几,次,了,,,
1061,3688,他,是,谁,,,,,,,,,,,,,
1062,3692,亚,历,克,西,伊,格,纳,捷,夫,,,,,,,
1063,3696,尼,古,拉,斯,伊,格,纳,捷,夫,的,哥,哥,,,,
1064,3700,曾,是,克,利,夫,兰,俄,罗,斯,黑,手,党,的,,,
1065,3701,一,名,小,头,目,,,,,,,,,,,
1066,3705,曾,是,,,,,,,,,,,,,,
1067,3709,尼,古,拉,斯,七,年,前,和,他,的,老,板,,,,
1068,3710,罗,曼,鲁,涅,夫,共,同,死,于,一,场,火,灾,,,
1069,3714,那,是,一,起,纵,火,一,次,袭,击,,,,,,
1070,3715,他,们,被,抓,到,牟,取,私,利,,,,,,,
1071,3719,这,俩,混,蛋,是,毒,品,走,私,犯,,,,,,
1072,3720,还,牵,扯,了,一,堆,谋,杀,案,,,,,,,
1073,3724,我,们,以,为,亚,历,克,西,也,在,大,火,中,死,了,
1074,3728,但,他,出,现,在,了,这,里,,,,,,,,
1075,3729,试,图,绑,架,你,的,被,监,护,人,,,,,,
1076,3733,话,说,回,来,她,是,谁,你,的,被,监,护,人,,,
1077,3734,谁,也,不,是,她,是,个,退,休,的,女,商,人,,,
1078,3738,有,钱,吗,,,,,,,,,,,,,
1079,3742,一,般,般,吧,,,,,,,,,,,,
1080,3746,好,吧,也,许,这,只,是,一,次,普,通,的,抢,劫,,
1081,3750,你,们,今,天,做,得,很,好,阻,止,了,他,们,,,
1082,3751,这,家,伙,是,个,大,坏,蛋,,,,,,,,
1083,3755,帮,我,个,忙,,,,,,,,,,,,
1084,3759,如,果,你,听,说,了,其,他,消,息,,,,,,
1085,3760,记,得,告,诉,我,们,,,,,,,,,,
1086,3764,当,然,弗,兰,基,,,,,,,,,,,
1087,3768,卢,,,,,,,,,,,,,,,
1088,3772,别,叫,我,弗,兰,基,了,,,,,,,,,
1089,3776,你,以,前,喜,欢,别,人,叫,你,弗,兰,基,,,,
1090,3780,是,啊,现,在,不,是,了,,,,,,,,,
1091,3784,弗,兰,基,,,,,,,,,,,,,
1092,3788,这,都,是,以,前,的,事,了,,,,,,,,
1093,3789,我,喜,欢,,,,,,,,,,,,,
1094,3793,弗,兰,基,,,,,,,,,,,,,
1095,3794,不,要,,,,,,,,,,,,,,
1096,3798,对,是,我,,,,,,,,,,,,,
1097,3802,我,需,要,一,点,东,西,,,,,,,,,
1098,3806,你,好,,,,,,,,,,,,,,
1099,3810,抱,歉,我,要,关,门,了,你,有,预,约,吗,,,,
1100,3814,本,地,医,生,被,发,现,身,亡,,,,,,,
1101,3818,布,莱,顿,县,沙,尔,克,罗,斯,,,,,,,
1102,3822,凯,伦,艾,莫,斯,医,生,的,尸,体,,,,,,
1103,3823,在,她,的,办,公,地,点,被,发,现,,,,,,
1104,3827,警,方,称,尽,管,已,经,放,弃,搜,查,,,,,
1105,3831,但,仍,不,能,确,定,是,否,为,自,杀,,,,,
1106,3835,弗,兰,,,,,,,,,,,,,,
1107,3839,玛,拉,,,,,,,,,,,,,,
1108,3843,你,听,说,凯,伦,的,事,了,吗,,,,,,,
1109,3844,是,啊,我,的,天,啊,宝,贝,,,,,,,,
1110,3848,好,收,拾,行,李,,,,,,,,,,,
1111,3852,我,们,得,走,他,们,既,然,杀,了,她,,,,,
1112,3853,我,们,就,是,下,一,个,,,,,,,,,
1113,3857,我,们,还,不,确,定,是,他,们,杀,了,她,,,,
1114,3861,凯,伦,也,许,有,别,的,我,们,不,知,道,的,麻,烦,
1115,3865,真,的,吗,你,觉,得,是,这,样,,,,,,,
1116,3869,好,吧,,,,,,,,,,,,,,
1117,3873,玛,拉,我,不,想,你,的,脑,袋,也,挨,枪,子,,,
1118,3877,我,也,不,想,挨,枪,子,,,,,,,,,
1119,3881,那,我,们,就,不,会,挨,枪,子,,,,,,,
1120,3885,玛,拉,我,们,找,到,詹,妮,弗,彼,得,森,,,,
1121,3886,是,因,为,她,是,肥,羊,,,,,,,,,
1122,3890,一,个,无,依,无,靠,没,有,子,女,的,独,居,肥,羊,
1123,3891,但,是,她,她,是,盘,根,错,节,的,蜘,蛛,网,,,
1124,3895,而,我,们,都,会,被,困,在,网,里,,,,,,
1125,3896,也,许,会,吧,但,也,许,不,会,,,,,,,
1126,3900,他,们,持,枪,闯,进,了,疗,养,所,,,,,,
1127,3901,他,们,是,俄,罗,斯,黑,手,党,玛,拉,,,,,
1128,3905,前,俄,罗,斯,黑,手,党,,,,,,,,,
1129,3906,玛,拉,你,他,妈,打,包,吧,,,,,,,,
1130,3910,靠,,,,,,,,,,,,,,,
1131,3914,柯,蒂,斯,我,是,玛,拉,,,,,,,,,
1132,3918,是,的,我,们,看,到,了,,,,,,,,,
1133,3922,我,知,道,,,,,,,,,,,,,
1134,3926,对,你,应,该,关,闭,办,公,室,,,,,,,
1135,3930,挺,过,这,段,时,间,好,吗,,,,,,,,
1136,3934,你,能,尽,快,给,我,发,一,份,我,们,在,册,的,,
1137,3935,所,有,空,置,未,售,的,房,产,名,单,吗,,,,
1138,3939,越,快,越,好,,,,,,,,,,,,
1139,3943,好,,,,,,,,,,,,,,,
1140,3947,谢,谢,再,见,,,,,,,,,,,,
1141,3951,不,会,有,事,的,,,,,,,,,,,
1142,3955,詹,妮,弗,你,感,觉,怎,么,样,,,,,,,
1143,3959,很,好,,,,,,,,,,,,,,
1144,3963,听,说,艾,莫,斯,医,生,的,事,了,,,,,,
1145,3967,亚,历,克,西,是,你,的,儿,子,吗,,,,,,
1146,3971,什,么,不,是,那,个,蠢,货,,,,,,,,
1147,3975,但,是,你,跟,俄,罗,斯,黑,手,党,有,关,系,,,
1148,3979,他,下,一,个,会,杀,了,你,,,,,,,,
1149,3983,我,是,说,除,非,你,现,在,让,我,出,去,,,,
1150,3987,说,不,定,他,会,饶,你,一,命,,,,,,,
1151,3991,詹,妮,弗,你,给,我,听,好,了,,,,,,,
1152,3995,我,的,字,典,里,没,有,输,这,个,字,,,,,
1153,3996,我,不,会,输,的,,,,,,,,,,,
1154,4000,我,绝,不,会,让,你,走,,,,,,,,,
1155,4004,你,是,我,的,,,,,,,,,,,,
1156,4008,我,还,会,榨,干,你,的,钱,,,,,,,,
1157,4009,你,的,舒,适,和,你,的,自,尊,,,,,,,
1158,4013,不,是,因,为,我,想,这,样,,,,,,,,
1159,4017,不,是,因,为,我,享,受,这,样,,,,,,,
1160,4018,或,者,我,计,划,这,么,干,,,,,,,,
1161,4022,而,是,因,为,你,的,人,不,按,规,矩,来,,,,
1162,4026,你,想,击,垮,我,,,,,,,,,,,
1163,4030,那,就,光,明,正,大,地,冲,我,来,,,,,,
1164,4031,把,我,送,上,法,庭,赢,过,我,,,,,,,
1165,4035,你,不,应,该,把,枪,带,进,疗,养,院,,,,,
1166,4036,不,应,该,杀,我,朋,友,,,,,,,,,
1167,4040,这,就,是,你,现,在,的,处,境,詹,妮,弗,,,,
1168,4044,你,不,过,是,一,个,有,老,年,痴,呆,,,,,
1169,4045,大,小,便,失,禁,关,节,炎,,,,,,,,
1170,4049,住,在,疗,养,院,的,老,太,婆,罢,了,,,,,
1171,4053,除,了,我,,,,,,,,,,,,,
1172,4057,你,谁,也,别,想,见,,,,,,,,,,
1173,4061,詹,妮,弗,,,,,,,,,,,,,
1174,4065,或,者,不,管,你,是,谁,,,,,,,,,
1175,4069,你,会,死,在,这,里,,,,,,,,,,
1176,4073,独,自,一,人,并,且,承,受,巨,大,的,病,痛,,,
1177,4077,喂,放,开,她,,,,,,,,,,,,
1178,4081,放,手,,,,,,,,,,,,,,
1179,4085,这,就,对,了,放,开,她,轻,轻,地,松,手,,,,
1180,4086,不,要,,,,,,,,,,,,,,
1181,4090,她,才,是,坏,人,,,,,,,,,,,
1182,4094,天,啊,,,,,,,,,,,,,,
1183,4098,玛,拉,你,没,事,吧,,,,,,,,,,
1184,4102,她,伤,到,你,了,吗,,,,,,,,,,
1185,4106,只,是,皮,肉,伤,,,,,,,,,,,
1186,4110,我,很,幸,运,但,是,下,次,呢,,,,,,,
1187,4114,如,您,所,见,她,的,精,神,健,康,严,重,恶,化,,
1188,4118,如,这,位,医,生,所,描,述,的,那,样,,,,,
1189,4122,彼,得,森,女,士,有,幻,想,症,妄,想,症,,,,
1190,4126,并,且,有,暴,力,倾,向,,,,,,,,,
1191,4130,她,对,别,人,和,她,自,己,来,说,,,,,,
1192,4131,都,是,个,危,险,的,存,在,,,,,,,,
1193,4135,她,的,医,生,和,我,本,人,都,建,议,,,,,
1194,4139,马,上,把,她,送,到,安,全,的,精,神,病,院,,,
1195,4143,在,那,里,,,,,,,,,,,,,
1196,4144,她,的,需,求,会,得,到,更,充,分,的,照,顾,,,
1197,4148,我,同,意,,,,,,,,,,,,,
1198,4152,不,用,担,心,,,,,,,,,,,,
1199,4156,这,属,于,你,的,一,个,被,监,护,人,,,,,
1200,4160,我,只,需,要,一,个,大,概,的,价,格,估,计,伊,,
1201,4164,这,块,石,头,品,质,很,高,,,,,,,,
1202,4165,可,不,是,什,么,廉,价,品,,,,,,,,
1203,4169,能,值,多,少,钱,零,售,价,,,,,,,,
1204,4173,万,也,许,能,卖,万,美,元,,,,,,,,
1205,4177,这,颗,很,不,错,的,,,,,,,,,,
1206,4178,你,介,意,替,我,保,管,一,段,时,间,吗,,,,
1207,4182,锁,在,你,保,险,箱,里,,,,,,,,,
1208,4186,有,麻,烦,吗,,,,,,,,,,,,
1209,4187,不,是,,,,,,,,,,,,,,
1210,4191,不,我,只,是,要,出,去,跑,腿,,,,,,,
1211,4192,不,想,一,整,天,都,放,在,包,里,,,,,,
1212,4196,谢,了,,,,,,,,,,,,,,
1213,4200,弗,兰,向,你,问,好,,,,,,,,,,
1214,4204,她,让,我,问,问,你,哥,麦,奇,的,情,况,,,,
1215,4208,麦,奇,,,,,,,,,,,,,,
1216,4212,对,他,还,做,买,卖,吗,,,,,,,,,
1217,4216,为,什,么,你,需,要,黑,市,吗,,,,,,,
1218,4220,以,后,也,许,会,,,,,,,,,,,
1219,4224,迈,克,尔,还,在,到,处,做,买,卖,,,,,,
1220,4228,很,好,,,,,,,,,,,,,,
1221,4232,嗨,怎,么,样,了,,,,,,,,,,,
1222,4233,她,把,鱼,饵,甩,给,麦,奇,了,吗,,,,,,
1223,4237,对,他,可,能,是,个,出,路,,,,,,,,
1224,4241,很,好,,,,,,,,,,,,,,
1225,4245,喂,你,带,了,我,们,的,护,照,吗,,,,,,
1226,4249,护,照,,,,,,,,,,,,,,
1227,4253,该,死,,,,,,,,,,,,,,
1228,4257,我,去,宝,贝,没,有,我,没,带,你,呢,,,,,
1229,4261,该,死,没,有,,,,,,,,,,,,
1230,4265,我,离,家,很,近,,,,,,,,,,,
1231,4266,你,想,的,话,我,可,以,去,拿,一,趟,,,,,
1232,4270,我,觉,得,以,防,万,一,我,们,应,该,拿,一,下,,
1233,4274,但,要,小,心,啊,,,,,,,,,,,
1234,4275,好,,,,,,,,,,,,,,,
1235,4279,老,地,方,见,,,,,,,,,,,,
1236,4280,行,就,这,样,,,,,,,,,,,,
1237,4284,好,,,,,,,,,,,,,,,
1238,4288,拜,,,,,,,,,,,,,,,
1239,4292,怎,么,了,,,,,,,,,,,,,
1240,4296,我,的,天,啊,你,没,事,吧,,,,,,,,
1241,4300,我,不,知,道,我,觉,得,有,人,,,,,,,
1242,4301,我,的,天,,,,,,,,,,,,,
1243,4305,放,开,我,,,,,,,,,,,,,
1244,4309,你,好,玛,拉,葛,蕾,森,,,,,,,,,
1245,4313,我,不,喜,欢,你,,,,,,,,,,,
1246,4317,你,才,刚,见,到,我,,,,,,,,,,
1247,4321,知,道,吗,,,,,,,,,,,,,
1248,4325,你,让,我,想,起,了,一,个,我,年,轻,时,认,识,的,人
1249,4329,她,像,你,一,样,火,爆,,,,,,,,,
1250,4333,有,趣,自,信,,,,,,,,,,,,
1251,4337,不,愿,合,作,,,,,,,,,,,,
1252,4341,我,用,面,包,刀,把,她,的,手,指,都,切,掉,了,,
1253,4345,她,现,在,被,埋,在,吉,米,约,翰,餐,馆,下,面,了,
1254,4349,不,要,低,估,我,,,,,,,,,,,
1255,4353,你,是,谁,,,,,,,,,,,,,
1256,4357,一,个,危,险,的,人,物,,,,,,,,,
1257,4361,你,的,名,片,上,就,这,样,写,的,,,,,,
1258,4365,你,现,在,应,该,害,怕,,,,,,,,,
1259,4366,为,什,么,,,,,,,,,,,,,
1260,4370,你,要,再,做,一,次,大,型,演,讲,吗,,,,,
1261,4374,老,天,爷,啊,,,,,,,,,,,,
1262,4378,你,从,我,这,儿,偷,了,东,西,,,,,,,
1263,4382,不,仅,仅,是,一,个,老,太,太,,,,,,,
1264,4386,你,知,道,我,在,说,什,么,,,,,,,,
1265,4390,现,在,我,的,人,正,在,找,你,偷,的,东,西,,,
1266,4394,他,们,会,掀,了,你,的,办,公,室,你,的,家,,,
1267,4398,并,且,如,果,他,们,没,找,到,该,找,的,,,,
1268,4402,我,会,把,你,慢,慢,撕,碎,,,,,,,,
1269,4403,直,到,你,告,诉,我,它,们,在,哪,,,,,,
1270,4407,玛,拉,你,认,得,这,个,女,人,吗,,,,,,
1271,4411,那,是,你,妈,妈,不,是,吗,,,,,,,,
1272,4415,我,毁,了,你,之,后,我,会,毁,了,她,,,,,
1273,4419,随,便,我,才,不,在,乎,那,个,反,社,会,变,态,,
1274,4423,对,了,我,,,,,,,,,,,,,
1275,4427,我,不,喜,欢,生,气,,,,,,,,,,
1276,4431,我,更,喜,欢,保,持,冷,静,,,,,,,,
1277,4435,但,你,已,经,破,坏,了,,,,,,,,,
1278,4436,我,花,费,多,年,精,心,打,造,的,生,活,,,,
1279,4440,你,知,道,我,是,谁,吗,,,,,,,,,
1280,4444,不,知,道,但,我,觉,得,我,能,猜,到,,,,,
1281,4448,你,要,么,是,尼,古,拉,斯,伊,格,纳,捷,夫,,,
1282,4449,要,么,是,罗,曼,鲁,涅,夫,,,,,,,,
1283,4453,我,猜,你,是,罗,曼,鲁,涅,夫,,,,,,,
1284,4454,因,为,比,起,一,个,战,士,你,更,像,一,个,老,板,
1285,4458,所,以,你,伪,造,了,自,己,的,死,亡,,,,,
1286,4462,害,怕,你,克,利,夫,兰,的,朋,友,们,,,,,
1287,4466,会,利,用,你,母,亲,把,你,揪,出,来,,,,,
1288,4467,所,以,你,把,她,变,成,了,詹,妮,弗,彼,得,森,,
1289,4471,我,现,在,要,杀,了,你,,,,,,,,,
1290,4475,好,的,,,,,,,,,,,,,,
1291,4479,你,不,怕,死,,,,,,,,,,,,
1292,4480,你,还,记,得,年,有,多,恐,怖,吗,,,,,,
1293,4484,不,我,也,不,记,得,因,为,我,还,没,出,生,呢,,
1294,4488,但,我,死,的,时,候,,,,,,,,,,
1295,4489,感,觉,也,不,会,有,什,么,区,别,,,,,,
1296,4493,什,么,感,觉,都,没,有,了,为,什,么,要,害,怕,,
1297,4497,总,之,你,不,需,要,杀,我,,,,,,,,
1298,4501,当,你,派,那,个,带,着,一,整,箱,钱,的,律,师,,
1299,4502,过,来,的,时,候,,,,,,,,,,,
1300,4506,你,的,直,觉,是,对,的,我,愿,意,被,收,买,,,
1301,4510,你,的,人,只,是,出,价,太,低,了,,,,,,
1302,4514,你,有,没,有,预,期,数,字,,,,,,,,
1303,4515,有,,,,,,,,,,,,,,,
1304,4519,我,要,一,千,万,美,元,,,,,,,,,
1305,4523,你,当,然,这,么,想,了,,,,,,,,,
1306,4527,你,很,,,,,,,,,,,,,,
1307,4531,你,很,勇,敢,葛,蕾,森,女,士,,,,,,,
1308,4535,愚,蠢,但,是,很,勇,敢,,,,,,,,,
1309,4539,要,在,这,个,国,家,成,功,你,必,须,勇,敢,,,
1310,4543,还,要,愚,蠢,无,情,专,心,致,志,,,,,,
1311,4547,因,为,公,平,竞,争,畏,首,畏,尾,,,,,,
1312,4548,什,么,都,带,不,来,,,,,,,,,,
1313,4552,只,会,带,来,你,的,失,败,,,,,,,,
1314,4556,你,知,道,的,,,,,,,,,,,,
1315,4560,而,我,想,要,有,钱,鲁,涅,夫,先,生,,,,,
1316,4564,我,想,要,,,,,,,,,,,,,
1317,4568,非,常,的,有,钱,,,,,,,,,,,
1318,4572,而,我,的,赌,注,就,是,一,千,万,美,元,,,,
1319,4573,对,你,来,说,不,是,什,么,大,钱,,,,,,
1320,4577,但,对,我,来,说,这,只,是,个,开,始,,,,,
1321,4581,这,样,就,足,够,把,钱,当,武,器,了,,,,,
1322,4585,当,成,压,迫,手,段,,,,,,,,,,
1323,4589,像,真,正,的,有,钱,人,做,的,那,样,,,,,
1324,4593,那,就,是,我,想,要,的,,,,,,,,,
1325,4597,你,手,里,没,有,牌,,,,,,,,,,
1326,4598,我,有,你,妈,妈,和,你,的,钻,石,,,,,,
1327,4602,我,保,证,如,果,我,死,了,,,,,,,,
1328,4603,你,永,远,都,别,想,看,到,那,些,钻,石,了,,,
1329,4607,然,后,在,这,样,的,情,况,下,,,,,,,
1330,4611,救,你,的,母,亲,脱,困,会,非,常,复,杂,,,,
1331,4615,在,她,重,获,自,由,之,前,,,,,,,,
1332,4619,那,还,需,要,好,几,年,的,努,力,,,,,,
1333,4623,如,果,她,能,撑,到,那,时,候,的,话,,,,,
1334,4627,给,我,钱,就,行,了,,,,,,,,,,
1335,4631,这,是,最,简,单,的,方,法,,,,,,,,
1336,4635,除,掉,她,,,,,,,,,,,,,
1337,4639,要,确,保,手,法,看,着,自,然,一,点,,,,,
1338,4643,你,有,公,共,电,话,吗,,,,,,,,,
1339,4647,如,果,你,让,我,用,下,你,的,手,机,,,,,
1340,4648,我,就,给,你,美,元,,,,,,,,,,
1341,4652,嗨,我,是,弗,兰,请,给,我,留,言,,,,,,
1342,4656,你,能,给,我,叫,辆,出,租,车,吗,,,,,,
1343,4660,弗,兰,,,,,,,,,,,,,,
1344,4664,宝,贝,不,,,,,,,,,,,,,
1345,4668,我,的,天,啊,,,,,,,,,,,,
1346,4672,弗,兰,,,,,,,,,,,,,,
1347,4676,弗,兰,,,,,,,,,,,,,,
1348,4680,玛,拉,,,,,,,,,,,,,,
1349,4684,我,以,为,我,们,都,死,了,,,,,,,,
1350,4688,没,有,,,,,,,,,,,,,,
1351,4692,我,们,还,活,着,亲,爱,的,,,,,,,,
1352,4696,待,售,,,,,,,,,,,,,,
1353,4700,我,好,怕,,,,,,,,,,,,,
1354,4701,我,真,的,很,抱,歉,,,,,,,,,,
1355,4705,我,很,抱,歉,,,,,,,,,,,,
1356,4709,没,事,的,,,,,,,,,,,,,
1357,4713,莉,莉,布,莱,特,牙,科,,,,,,,,,
1358,4717,你,感,觉,怎,么,样,,,,,,,,,,
1359,4721,好,多,了,,,,,,,,,,,,,
1360,4725,那,是,什,么,玛,拉,,,,,,,,,,
1361,4729,这,是,我,们,俄,罗,斯,朋,友,开,的,车,的,牌,照,
1362,4733,弗,兰,只,要,你,开,口,我,们,就,走,,,,,
1363,4737,找,一,个,新,地,方,重,新,开,始,,,,,,
1364,4741,只,有,我,们,,,,,,,,,,,,
1365,4745,然,后,做,什,么,,,,,,,,,,,
1366,4749,我,们,失,去,了,一,切,,,,,,,,,
1367,4753,不,是,一,切,哦,,,,,,,,,,,
1368,4757,我,们,可,以,带,着,它,们,逃,跑,,,,,,
1369,4761,或,者,你,可,以,打,个,电,话,帮,我,问,到,,,
1370,4765,那,个,牌,照,注,册,的,地,址,,,,,,,
1371,4769,如,果,我,们,逃,跑,的,话,,,,,,,,
1372,4770,我,们,会,永,远,担,惊,受,怕,,,,,,,
1373,4774,我,们,会,永,远,等,着,他,们,找,上,门,来,,,
1374,4778,现,在,结,束,这,一,切,不,是,更,好,吗,,,,
1375,4782,你,有,计,划,了,,,,,,,,,,,
1376,4786,我,确,实,有,,,,,,,,,,,,
1377,4790,会,成,功,吗,,,,,,,,,,,,
1378,4794,我,不,确,定,,,,,,,,,,,,
1379,4798,把,手,机,给,我,,,,,,,,,,,
1380,4802,行,了,我,们,到,了,,,,,,,,,,
1381,4806,这,就,是,牌,照,的,地,址,,,,,,,,
1382,4810,那,栋,吗,,,,,,,,,,,,,
1383,4814,对,,,,,,,,,,,,,,,
1384,4815,他,不,可,能,住,在,这,里,面,,,,,,,
1385,4819,也,许,牌,照,是,偷,来,的,,,,,,,,
1386,4823,不,牌,照,能,查,到,是,一,辆,黑,色,的,育,空,车,
1387,4827,绕,到,后,面,去,,,,,,,,,,,
1388,4831,我,想,要,靠,近,点,看,,,,,,,,,
1389,4835,那,不,是,他,是,他,的,司,机,,,,,,,
1390,4839,走,他,出,发,了,,,,,,,,,,,
1391,4843,在,那,儿,跟,着,他,,,,,,,,,,
1392,4847,他,要,停,车,了,,,,,,,,,,,
1393,4851,先,生,你,的,车,到,楼,下,了,,,,,,,
1394,4855,小,心,点,,,,,,,,,,,,,
1395,4859,嗨,,,,,,,,,,,,,,,
1396,4863,我,约,了,盖,伦,与,赫,尔,希,公,司,的,奈,洛,先,生
1397,4867,在,三,楼,吧,我,记,得,,,,,,,,,
1398,4871,我,其,实,有,点,来,早,了,,,,,,,,
1399,4875,在,我,等,的,时,候,,,,,,,,,,
1400,4876,有,洗,手,间,可,以,用,一,下,吗,,,,,,
1401,4880,当,然,走,过,那,个,转,角,在,你,的,左,手,边,,
1402,4884,谢,谢,,,,,,,,,,,,,,
1403,4888,高,管,停,车,场,,,,,,,,,,,
1404,4892,地,下,二,层,,,,,,,,,,,,
1405,4896,嗨,你,能,帮,我,一,下,吗,,,,,,,,
1406,4900,我,觉,得,我,来,错,楼,层,了,却,找,不,到,出,口,
1407,4901,这,是,地,下,一,层,吗,,,,,,,,,
1408,4905,这,是,地,下,二,层,出,口,就,在,拐,角,旁,边,,
1409,4909,我,不,能,坐,那,边,的,电,梯,吗,,,,,,
1410,4910,那,是,私,人,电,,,,,,,,,,,
1411,4914,杰,克,逊,去,哪,儿,了,,,,,,,,,
1412,4918,又,见,面,了,,,,,,,,,,,,
1413,4922,先,生,喂,,,,,,,,,,,,,
1414,4926,他,在,里,面,吗,,,,,,,,,,,
1415,4930,躺,在,他,自,己,的,尿,里,,,,,,,,
1416,4934,你,想,甩,掉,他,吗,,,,,,,,,,
1417,4938,带,路,吧,,,,,,,,,,,,,
1418,4942,你,觉,得,他,有,多,重,公,斤,,,,,,,
1419,4946,公,斤,差,不,多,,,,,,,,,,,
1420,4950,好,好,睡,吧,混,蛋,,,,,,,,,,
1421,4954,你,醒,了,,,,,,,,,,,,,
1422,4958,你,感,觉,怎,么,样,,,,,,,,,,
1423,4962,不,要,开,口,说,话,,,,,,,,,,
1424,4966,你,喉,咙,里,有,一,根,管,子,,,,,,,
1425,4970,看,到,了,吗,,,,,,,,,,,,
1426,4974,你,是,个,无,名,氏,黑,户,,,,,,,,
1427,4978,你,差,点,死,于,过,量,服,药,,,,,,,
1428,4979,你,很,幸,运,他,们,及,时,救,了,你,,,,,
1429,4983,你,想,听,一,个,有,趣,的,事,实,吗,,,,,
1430,4987,当,一,位,失,去,自,理,能,力,的,无,名,氏,被,发,现
1431,4991,政,府,会,自,动,地,替,他,们,,,,,,,
1432,4992,委,派,一,位,法,定,监,护,人,,,,,,,
1433,4996,来,监,督,他,们,的,治,疗,与,身,心,健,康,,,
1434,5000,你,知,道,现,在,是,怎,么,回,事,了,吧,,,,
1435,5004,我,现,在,是,你,的,法,定,监,护,人,,,,,
1436,5008,我,逮,到,你,了,无,名,氏,,,,,,,,
1437,5012,我,想,对,你,做,什,么,就,做,什,么,,,,,
1438,5016,现,在,我,们,找,个,护,士,,,,,,,,
1439,5017,把,管,子,从,喉,咙,里,拔,出,来,,,,,,
1440,5021,好,让,你,筹,备,一,千,万,美,元,赎,金,,,,
1441,5025,打,进,我,的,账,户,,,,,,,,,,
1442,5029,呼,叫,护,士,,,,,,,,,,,,
1443,5033,叮,咚,,,,,,,,,,,,,,
1444,5037,喉,咙,怎,么,样,了,,,,,,,,,,
1445,5041,还,是,很,疼,,,,,,,,,,,,
1446,5045,我,知,道,你,不,喜,欢,失,败,,,,,,,
1447,5049,但,作,为,你,的,监,护,人,我,建,议,你,,,,
1448,5050,放,下,自,尊,然,后,给,我,钱,,,,,,,
1449,5054,你,可,以,领,走,你,妈,妈,,,,,,,,
1450,5058,你,的,钻,石,,,,,,,,,,,,
1451,5062,你,的,自,由,,,,,,,,,,,,
1452,5066,你,再,也,不,会,见,到,我,了,,,,,,,
1453,5070,就,算,我,给,你,钱,了,,,,,,,,,
1454,5074,你,不,怕,我,还,是,会,杀,了,你,吗,,,,,
1455,5078,我,不,怕,不,会,,,,,,,,,,,
1456,5082,我,很,轻,易,就,能,做,到,,,,,,,,
1457,5086,我,知,道,,,,,,,,,,,,,
1458,5090,但,是,这,事,再,拖,下,去,,,,,,,,
1459,5091,我,也,可,以,很,轻,易,就,杀,了,你,,,,,
1460,5095,好,吧,,,,,,,,,,,,,,
1461,5099,同,意,了,,,,,,,,,,,,,
1462,5100,我,们,现,在,就,了,结,吧,,,,,,,,
1463,5104,我,会,给,你,一,千,万,美,元,,,,,,,
1464,5108,我,可,以,筹,备,,,,,,,,,,,
1465,5112,但,是,,,,,,,,,,,,,,
1466,5116,但,是,,,,,,,,,,,,,,
1467,5120,我,想,提,出,一,个,替,代,方,案,,,,,,
1468,5124,与,其,给,你,一,千,万,美,元,,,,,,,
1469,5128,不,如,我,们,一,起,合,作,,,,,,,,
1470,5132,一,起,做,生,意,,,,,,,,,,,
1471,5136,你,在,耍,我,吗,,,,,,,,,,,
1472,5137,不,我,认,真,的,,,,,,,,,,,
1473,5141,我,的,意,思,是,,,,,,,,,,,
1474,5145,我,是,恨,你,,,,,,,,,,,,
1475,5149,但,是,,,,,,,,,,,,,,
1476,5153,我,们,可,以,一,起,赚,大,钱,,,,,,,
1477,5157,你,是,个,难,得,的,人,才,玛,拉,,,,,,
1478,5161,你,的,决,心,,,,,,,,,,,,
1479,5165,坦,白,说,很,吓,人,,,,,,,,,,
1480,5166,但,是,这,套,监,护,人,诈,骗,体,系,很,成,熟,,
1481,5170,但,现,在,还,是,盘,小,菜,,,,,,,,
1482,5174,我,提,议,我,们,一,起,干,点,大,事,,,,,
1483,5178,一,个,全,国,范,围,的,监,护,人,企,业,,,,
1484,5182,你,来,当,首,席,执,行,官,和,合,伙,人,,,,
1485,5186,利,用,我,的,资,金,利,用,你,的,,,,,,
1486,5190,技,巧,,,,,,,,,,,,,,
1487,5194,毁,掉,竞,争,对,手,,,,,,,,,,
1488,5198,控,制,整,个,市,场,,,,,,,,,,
1489,5202,你,想,跟,我,一,起,开,家,公,司,,,,,,
1490,5203,不,只,一,家,公,司,,,,,,,,,,
1491,5207,一,家,拥,有,个,海,外,注,册,分,公,司,的,,,
1492,5208,联,合,集,团,,,,,,,,,,,,
1493,5212,互,相,开,具,发,票,掩,盖,利,润,,,,,,
1494,5216,有,一,个,真,正,的,房,地,产,团,队,,,,,
1495,5217,一,个,法,律,团,队,一,个,培,训,团,队,,,,
1496,5221,一,个,医,疗,团,队,一,个,制,药,团,队,,,,
1497,5225,我,们,自,己,的,疗,养,院,产,业,链,,,,,
1498,5226,没,错,,,,,,,,,,,,,,
1499,5230,有,几,千,个,监,护,人,为,我,们,工,作,,,,
1500,5234,有,成,千,上,万,的,被,监,护,人,受,我,们,照,顾,
1501,5238,这,样,你,就,赢,了,,,,,,,,,,
1502,5242,我,也,赢,了,,,,,,,,,,,,
1503,5246,我,们,让,对,方,成,为,亿,万,富,翁,,,,,
1504,5250,大,多,数,时,候,,,,,,,,,,,
1505,5254,都,合,法,,,,,,,,,,,,,
1506,5258,那,钻,石,怎,么,办,,,,,,,,,,
1507,5262,去,他,妈,的,钻,石,,,,,,,,,,
1508,5266,平,分,了,五,五,开,,,,,,,,,,
1509,5270,我,们,要,怎,么,互,相,信,任,呢,,,,,,
1510,5274,如,果,我,们,让,彼,此,有,钱,了,,,,,,
1511,5278,信,任,也,就,随,之,而,至,,,,,,,,
1512,5282,所,以,你,加,入,吗,,,,,,,,,,
1513,5286,所,有,的,财,富,都,是,从,大,胆,地,尝,试,开,始,
1514,5290,但,在,尝,试,之,前,,,,,,,,,,
1515,5294,首,先,,,,,,,,,,,,,,
1516,5298,花,点,时,间,好,好,审,视,一,下,自,己,,,,
1517,5302,清,楚,自,己,是,谁,,,,,,,,,,
1518,5306,问,问,自,己,,,,,,,,,,,,
1519,5310,我,是,局,内,人,,,,,,,,,,,
1520,5314,还,是,局,外,人,,,,,,,,,,,
1521,5318,葛,蕾,森,监,护,,,,,,,,,,,
1522,5322,良,好,记,录,证,明,,,,,,,,,,
1523,5326,我,是,只,绵,羊,吗,,,,,,,,,,
1524,5330,葛,蕾,森,,,,,,,,,,,,,
1525,5334,还,是,狮,子,,,,,,,,,,,,
1526,5338,我,是,捕,食,者,吗,,,,,,,,,,
1527,5342,未,来,监,护,人,培,训,学,院,,,,,,,
1528,5346,还,是,猎,物,,,,,,,,,,,,
1529,5350,我,擅,长,赚,钱,,,,,,,,,,,
1530,5354,还,是,擅,长,交,际,,,,,,,,,,
1531,5358,为,了,实,现,梦,想,,,,,,,,,,
1532,5362,我,又,愿,意,牺,牲,什,么,,,,,,,,
1533,5366,玛,拉,葛,蕾,森,总,裁,及,创,始,人,,,,,
1534,5370,哪,条,底,线,是,我,会,坚,守,的,,,,,,
1535,5374,不,要,尝,试,成,为,别,人,,,,,,,,
1536,5378,你,只,要,清,楚,自,己,是,什,么,样,的,人,,,
1537,5379,然,后,把,这,一,点,变,成,自,己,的,优,势,,,
1538,5383,那,么,你,是,哪,种,人,呢,,,,,,,,
1539,5387,我,吗,,,,,,,,,,,,,,
1540,5391,我,只,是,在,乎,很,多,的,人,,,,,,,
1541,5395,所,以,你,是,只,狮,子,还,是,绵,羊,,,,,
1542,5399,我,是,一,头,母,狮,,,,,,,,,,
1543,5403,我,会,做,我,能,做,的,一,切,,,,,,,
1544,5407,来,保,护,我,在,乎,的,人,,,,,,,,
1545,5411,好,啊,,,,,,,,,,,,,,
1546,5415,你,在,如,此,短,的,时,间,里,,,,,,,
1547,5416,取,得,了,惊,人,的,成,功,,,,,,,,
1548,5420,玛,拉,你,的,秘,诀,是,什,么,,,,,,,
1549,5424,没,有,什,么,秘,诀,皮,特,,,,,,,,
1550,5428,想,要,成,功,只,有,努,力,工,作,,,,,,
1551,5432,和,永,不,言,弃,的,勇,气,和,决,心,,,,,
1552,5436,所,以,你,现,在,是,有,钱,人,了,,,,,,
1553,5440,你,的,身,价,是,多,少,,,,,,,,,
1554,5441,你,在,银,行,里,有,多,少,存,款,,,,,,
1555,5445,你,太,棒,了,,,,,,,,,,,,
1556,5449,我,假,笑,了,那,么,久,脸,都,疼,了,,,,,
1557,5453,我,最,近,没,怎,么,算,过,,,,,,,,
1558,5457,但,你,绝,对,是,人,群,,,,,,,,,
1559,5458,富,豪,中,的,顶,级,富,豪,,,,,,,,
1560,5462,我,们,现,在,该,做,什,么,呢,,,,,,,
1561,5466,想,做,什,么,都,行,,,,,,,,,,
1562,5467,喂,贱,人,,,,,,,,,,,,,
1563,5471,你,才,只,有,三,十,九,岁,那,一,定,感,觉,很,好,
1564,5475,喂,贱,人,,,,,,,,,,,,,
1565,5479,听,着,我,没,时,间,,,,,,,,,,
1566,5480,玛,拉,,,,,,,,,,,,,,
1567,5484,不,保,安,,,,,,,,,,,,,
1568,5485,我,的,天,,,,,,,,,,,,,
1569,5489,我,妈,妈,去,世,了,,,,,,,,,,
1570,5493,救,命,来,人,啊,,,,,,,,,,,
1571,5497,你,从,来,不,让,我,见,她,现,在,,,,,,
1572,5498,她,孤,独,地,死,在,那,儿,了,你,个,臭,婊,子,,
1573,5502,我,们,需,要,帮,助,,,,,,,,,,
1574,5503,夺,下,武,器,,,,,,,,,,,,
1575,5507,该,死,的,贱,人,,,,,,,,,,,
1576,5511,来,人,救,救,她,,,,,,,,,,,
1577,5515,玛,拉,宝,贝,你,会,没,事,的,,,,,,,
1578,5519,不,看,着,我,宝,贝,,,,,,,,,,
1579,5523,看,着,我,,,,,,,,,,,,,
1580,5527,听,我,说,你,不,会,有,事,的,你,会,玛,拉,,,
1581,5531,救,命,,,,,,,,,,,,,,
1582,5535,玛,拉,,,,,,,,,,,,,,
1583,5539,不,要,玛,拉,,,,,,,,,,,,
1584,5543,不,要,,,,,,,,,,,,,,
1585,5547,救,命,啊,,,,,,,,,,,,,
1586,5551,所,以,在,有,这,么,多,成,就,之,后,,,,,
1587,5555,救,命,,,,,,,,,,,,,,
1588,5559,你,还,怀,有,野,心,吗,,,,,,,,,
1589,5563,你,还,有,梦,想,要,去,实,现,吗,,,,,,
1590,5567,皮,特,我,才,刚,开,始,而,已,,,,,,,
1591,5571,玛,拉,葛,蕾,森,葛,蕾,森,监,护,的,,,,,
1592,5575,首,席,执,行,官,和,创,始,人,谢,谢,你,,,,
1593,5579,谢,谢,今,天,的,采,访,很,有,趣,,,,,,
1594,5583,字,幕,翻,译,王,成,成,,,,,,,,,
